ISO-10303-21;
HEADER;
FILE_DESCRIPTION (( 'STEP AP203' ),
    '1' );
FILE_NAME ('外筒.STEP',
    '2025-03-10T00:38:01',
    ( 'Users' ),
    ( 'Microsoft' ),
    'SwSTEP 2.0',
    'SolidWorks 2016',
    '' );
FILE_SCHEMA (( 'CONFIG_CONTROL_DESIGN' ));
ENDSEC;

DATA;
#1 = B_SPLINE_CURVE_WITH_KNOTS ( 'NONE', 3,
 ( #1063, #428, #695, #912, #1023, #1219, #160, #1313, #906, #266, #1125, #490, #588, #1215, #273, #1015, #947, #1050, #195, #416, #1157, #200, #940, #420, #312, #1249, #309, #1056, #517, #1160, #1019, #1315 ),
 .UNSPECIFIED., .F., .F.,
 ( 4, 2, 2, 2, 2, 2, 2, 2, 2, 2, 2, 2, 2, 2, 2, 4 ),
 ( 0.007820653346586697200, 0.008309329840602985500, 0.008798006334619273800, 0.009286682828635560400, 0.009775359322651848800, 0.01026403581666813700, 0.01075271231068442400, 0.01124138880470071000, 0.01173006529871699500, 0.01221874179273328000, 0.01270741828674956700, 0.01319609478076585700, 0.01368477127478214300, 0.01417344776879843300, 0.01466212426281472000, 0.01563947725084729300 ),
 .UNSPECIFIED. ) ;
#2 = VERTEX_POINT ( 'NONE', #1239 ) ;
#3 = DIRECTION ( 'NONE',  ( -1.000000000000000000, -0.0000000000000000000, -0.0000000000000000000 ) ) ;
#4 = COORDINATED_UNIVERSAL_TIME_OFFSET ( 8, 0, .AHEAD. ) ;
#5 = VERTEX_POINT ( 'NONE', #613 ) ;
#6 = CARTESIAN_POINT ( 'NONE',  ( 14.00632704388093000, 24.88729165112314200, -2.372064217798996100 ) ) ;
#7 = AXIS2_PLACEMENT_3D ( 'NONE', #1359, #953, #528 ) ;
#8 = CARTESIAN_POINT ( 'NONE',  ( 11.67366496487658300, 1.986787236855551500, 24.92109717386377100 ) ) ;
#9 = EDGE_CURVE ( 'NONE', #223, #993, #93, .T. ) ;
#10 = CARTESIAN_POINT ( 'NONE',  ( 15.57216848893393600, 0.8058074039450960900, 25.98794596805326100 ) ) ;
#11 = CARTESIAN_POINT ( 'NONE',  ( 11.31584203789863700, 24.94567808718943900, -1.651215047473944700 ) ) ;
#12 = EDGE_LOOP ( 'NONE', ( #1094, #1087, #125, #626 ) ) ;
#13 = CARTESIAN_POINT ( 'NONE',  ( 13.19999999999999900, -25.87952858921507400, -2.499999999999908500 ) ) ;
#14 = DIRECTION ( 'NONE',  ( -0.8660254037844418200, 0.0000000000000000000, 0.4999999999999945600 ) ) ;
#15 = CARTESIAN_POINT ( 'NONE',  ( 15.08186870696271600, 1.653825105674378500, -25.94760469366752500 ) ) ;
#16 = CARTESIAN_POINT ( 'NONE',  ( 11.21173962576395200, -1.524305835643562100, 25.95563523300487000 ) ) ;
#17 = ORIENTED_EDGE ( 'NONE', *, *, #1306, .F. ) ;
#18 = ORIENTED_EDGE ( 'NONE', *, *, #413, .F. ) ;
#19 = CARTESIAN_POINT ( 'NONE',  ( 10.95348321179129800, 1.109060198064594200, 24.97584694923138200 ) ) ;
#20 = DIRECTION ( 'NONE',  ( -1.000000000000000000, -0.0000000000000000000, -0.0000000000000000000 ) ) ;
#21 = LINE ( 'NONE', #1107, #1112 ) ;
#22 = CARTESIAN_POINT ( 'NONE',  ( 12.39212706710252100, 2.371531165447615700, -25.89169400650754600 ) ) ;
#23 = EDGE_CURVE ( 'NONE', #842, #1028, #738, .T. ) ;
#24 = EDGE_LOOP ( 'NONE', ( #1172, #1121, #468, #991 ) ) ;
#25 = CARTESIAN_POINT ( 'NONE',  ( 3.200000000000000600, 0.0000000000000000000, 0.0000000000000000000 ) ) ;
#26 = CARTESIAN_POINT ( 'NONE',  ( 13.36225785042983300, -2.500058952757789200, 25.87952289429353300 ) ) ;
#27 = DIRECTION ( 'NONE',  ( 0.0000000000000000000, -1.224646799147353500E-016, 1.000000000000000000 ) ) ;
#28 = CARTESIAN_POINT ( 'NONE',  ( 10.71622969440031900, -0.3277857560099370300, 25.99842521240730500 ) ) ;
#29 = CARTESIAN_POINT ( 'NONE',  ( 12.09096843915430400, -25.90283903823580800, 2.246530968555094700 ) ) ;
#30 = CARTESIAN_POINT ( 'NONE',  ( 15.44693027414182900, -1.108225949880027300, 25.97681258879717300 ) ) ;
#31 = EDGE_LOOP ( 'NONE', ( #564, #793, #174, #326 ) ) ;
#32 = VERTEX_POINT ( 'NONE', #507 ) ;
#33 = CARTESIAN_POINT ( 'NONE',  ( 11.67745868702303500, 1.989605005792638200, 25.92392190749079400 ) ) ;
#34 = EDGE_CURVE ( 'NONE', #875, #1275, #161, .T. ) ;
#35 = CYLINDRICAL_SURFACE ( 'NONE', #1282, 2.499999999999998700 ) ;
#36 = DIRECTION ( 'NONE',  ( 0.0000000000000000000, 0.0000000000000000000, 1.000000000000000000 ) ) ;
#37 = AXIS2_PLACEMENT_3D ( 'NONE', #690, #1093, #798 ) ;
#38 = CARTESIAN_POINT ( 'NONE',  ( 89.30710678118657600, 0.0000000000000000000, 0.0000000000000000000 ) ) ;
#39 = SHAPE_DEFINITION_REPRESENTATION ( #624, #1361 ) ;
#40 = CARTESIAN_POINT ( 'NONE',  ( 11.94478823598155700, 24.90596296067520000, -2.168278058019372800 ) ) ;
#41 = CARTESIAN_POINT ( 'NONE',  ( 0.0000000000000000000, 3.203027029698367600E-015, -26.15470053837922700 ) ) ;
#42 = ORIENTED_EDGE ( 'NONE', *, *, #794, .F. ) ;
#43 = CARTESIAN_POINT ( 'NONE',  ( 13.19999999999999900, 31.60100000000033700, -3.310029053663490800E-013 ) ) ;
#44 = CARTESIAN_POINT ( 'NONE',  ( 11.02927356836767100, -24.96905899196410800, 1.250843329092000200 ) ) ;
#45 = EDGE_CURVE ( 'NONE', #1135, #875, #1251, .T. ) ;
#46 = CARTESIAN_POINT ( 'NONE',  ( 11.21461135101495400, 1.528140701113804200, 25.95541292767010700 ) ) ;
#47 = CYLINDRICAL_SURFACE ( 'NONE', #987, 2.499999999999998700 ) ;
#48 = CARTESIAN_POINT ( 'NONE',  ( 89.30710678118657600, 0.0000000000000000000, 23.39289321881344800 ) ) ;
#49 = CC_DESIGN_DATE_AND_TIME_ASSIGNMENT ( #213, #94, ( #1144 ) ) ;
#50 = CARTESIAN_POINT ( 'NONE',  ( 13.03471638243057200, 25.87952858921503500, -2.500000000000270000 ) ) ;
#51 = ORIENTED_EDGE ( 'NONE', *, *, #608, .F. ) ;
#52 = CIRCLE ( 'NONE', #7, 26.15470053837922700 ) ;
#53 = EDGE_CURVE ( 'NONE', #924, #483, #984, .T. ) ;
#54 = CARTESIAN_POINT ( 'NONE',  ( 0.0000000000000000000, 0.0000000000000000000, 31.60000000000000100 ) ) ;
#55 = CARTESIAN_POINT ( 'NONE',  ( 10.70012714542458500, -24.99998728546121600, -0.1670642424130934800 ) ) ;
#56 = DIRECTION ( 'NONE',  ( 1.000000000000000000, 0.0000000000000000000, 0.0000000000000000000 ) ) ;
#57 = CARTESIAN_POINT ( 'NONE',  ( 10.70005924909157200, -25.99999430297233300, 0.1640691552258477200 ) ) ;
#58 = CARTESIAN_POINT ( 'NONE',  ( 15.57238103776944400, -0.8053996675406321900, 25.98796429897894500 ) ) ;
#59 = CARTESIAN_POINT ( 'NONE',  ( 11.02927356836767100, 24.96905899196410100, -1.250843329092173400 ) ) ;
#60 = ORIENTED_EDGE ( 'NONE', *, *, #724, .T. ) ;
#61 = CARTESIAN_POINT ( 'NONE',  ( 13.19999999999999900, 24.87468592766552100, 2.499999999999738000 ) ) ;
#62 = AXIS2_PLACEMENT_3D ( 'NONE', #153, #902, #389 ) ;
#63 = CARTESIAN_POINT ( 'NONE',  ( 12.39460150926535700, -25.89161586764975100, -2.372381395914638700 ) ) ;
#64 = CARTESIAN_POINT ( 'NONE',  ( 13.36321338256193900, -24.87468592766550300, -2.499999999999912100 ) ) ;
#65 = CARTESIAN_POINT ( 'NONE',  ( 15.70005902754391700, 25.00000590275400100, 0.1622655820747162200 ) ) ;
#66 = FACE_OUTER_BOUND ( 'NONE', #315, .T. ) ;
#67 = CARTESIAN_POINT ( 'NONE',  ( 15.68417840057656900, -0.3254210271412232300, 24.99840249400843800 ) ) ;
#68 = CARTESIAN_POINT ( 'NONE',  ( 12.39416768373924400, -24.88728126137624800, -2.372160070443940500 ) ) ;
#69 = ADVANCED_FACE ( 'NONE', ( #421 ), #381, .F. ) ;
#70 = CARTESIAN_POINT ( 'NONE',  ( 13.52947680114267800, -2.483544361357263900, 24.87635491893501100 ) ) ;
#71 = ORIENTED_EDGE ( 'NONE', *, *, #1080, .T. ) ;
#72 = CARTESIAN_POINT ( 'NONE',  ( 13.03592030623262600, 2.499940606140143500, 24.87469189697261400 ) ) ;
#73 = ADVANCED_FACE ( 'NONE', ( #457 ), #1190, .T. ) ;
#74 = ORIENTED_EDGE ( 'NONE', *, *, #1005, .F. ) ;
#75 = AXIS2_PLACEMENT_3D ( 'NONE', #110, #207, #1166 ) ;
#76 = CARTESIAN_POINT ( 'NONE',  ( 10.95393620905933800, -1.109818057797410800, 24.97580694515540900 ) ) ;
#77 = VERTEX_POINT ( 'NONE', #745 ) ;
#78 = CARTESIAN_POINT ( 'NONE',  ( 15.69999999999999900, 0.0000000000000000000, -24.99999999999999300 ) ) ;
#79 = CIRCLE ( 'NONE', #1324, 26.00000000000000000 ) ;
#80 = CARTESIAN_POINT ( 'NONE',  ( 14.30745236819797000, 2.247309494740957500, 24.89886665287248100 ) ) ;
#81 = ORIENTED_EDGE ( 'NONE', *, *, #1306, .T. ) ;
#82 = VECTOR ( 'NONE', #257, 1000.000000000000000 ) ;
#83 = DATE_AND_TIME ( #370, #647 ) ;
#84 = CARTESIAN_POINT ( 'NONE',  ( 14.00683588887133300, 2.371819214216756200, -24.88731391344727900 ) ) ;
#85 = CARTESIAN_POINT ( 'NONE',  ( 15.36971835274654600, -1.252601239856124100, -25.97016555132622900 ) ) ;
#86 = CARTESIAN_POINT ( 'NONE',  ( 15.61966436084115600, 0.6495680347195853500, 24.99207398768918900 ) ) ;
#87 = EDGE_CURVE ( 'NONE', #220, #842, #96, .T. ) ;
#88 = CARTESIAN_POINT ( 'NONE',  ( 11.21241165387907700, 1.525124164792373900, -24.95380474534675800 ) ) ;
#89 = CARTESIAN_POINT ( 'NONE',  ( 12.55127937500415300, -2.419896091148404400, -25.88716153373157900 ) ) ;
#90 = CARTESIAN_POINT ( 'NONE',  ( 12.09329870739572700, 24.89883914185502100, 2.247603472742921900 ) ) ;
#91 = CARTESIAN_POINT ( 'NONE',  ( 10.78022953714757800, 24.99208438876296200, 0.6490443775041423400 ) ) ;
#92 = VERTEX_POINT ( 'NONE', #1360 ) ;
#93 = B_SPLINE_CURVE_WITH_KNOTS ( 'NONE', 3,
 ( #1327, #1341, #1040, #1140, #399, #727, #85, #830, #187, #936, #300, #1047, #410, #1151, #511, #1242, #620, #1347, #731, #89, #836, #194, #939, #308, #1049, #415, #1156, #516, #1248, #625, #1352, #737, #1043, #407 ),
 .UNSPECIFIED., .F., .F.,
 ( 4, 2, 2, 2, 2, 2, 2, 2, 2, 2, 2, 2, 2, 2, 2, 2, 4 ),
 ( 0.0000000000000000000, 0.0004887909179418171900, 0.0009775818358836343800, 0.001466372753825449800, 0.001955163671767265300, 0.002443954589709080500, 0.002932745507650896200, 0.003421536425592711400, 0.003910327343534527100, 0.004399118261476342800, 0.004887909179418157600, 0.005376700097359973300, 0.005865491015301788900, 0.006354281933243604600, 0.006843072851185419400, 0.007331863769127235100, 0.007820654687069050800 ),
 .UNSPECIFIED. ) ;
#94 = DATE_TIME_ROLE ( 'creation_date' ) ;
#95 = CARTESIAN_POINT ( 'NONE',  ( 0.0000000000000000000, 0.0000000000000000000, 0.0000000000000000000 ) ) ;
#96 = CIRCLE ( 'NONE', #733, 1.000000000000000900 ) ;
#97 = ORIENTED_EDGE ( 'NONE', *, *, #1044, .F. ) ;
#98 = CYLINDRICAL_SURFACE ( 'NONE', #792, 24.99999999999999300 ) ;
#99 = CARTESIAN_POINT ( 'NONE',  ( 0.0000000000000000000, 0.0000000000000000000, 0.0000000000000000000 ) ) ;
#100 = CARTESIAN_POINT ( 'NONE',  ( 95.00000000000000000, 0.0000000000000000000, 24.10000000000000500 ) ) ;
#101 = B_SPLINE_CURVE_WITH_KNOTS ( 'NONE', 3,
 ( #925, #823, #1141, #269, #236, #29, #760, #290, #589, #376, #1119, #484, #1213, #587, #1311, #691, #57, #804, #157, #909, #270, #1020, #378, #1123, #488, #1217, #591, #1316, #698, #63, #806, #164, #914, #276 ),
 .UNSPECIFIED., .F., .F.,
 ( 4, 2, 2, 2, 2, 2, 2, 2, 2, 2, 2, 2, 2, 2, 2, 2, 4 ),
 ( 0.0000000000000000000, 0.0004887908341616686800, 0.0009775816683233373600, 0.001466372502485006200, 0.001955163336646674700, 0.002443954170808343500, 0.002932745004970012300, 0.003421535839131680700, 0.003910326673293348600, 0.004399117507455017400, 0.004887908341616686200, 0.005376699175778354100, 0.005865490009940022900, 0.006354280844101692500, 0.006843071678263361300, 0.007331862512425029200, 0.007820653346586697200 ),
 .UNSPECIFIED. ) ;
#102 = CARTESIAN_POINT ( 'NONE',  ( 10.82793608542407100, 0.8063280894284513600, 24.98745245851525700 ) ) ;
#103 = DIRECTION ( 'NONE',  ( -0.0000000000000000000, 1.000000000000000000, 1.224646799147353200E-016 ) ) ;
#104 = ORIENTED_EDGE ( 'NONE', *, *, #933, .F. ) ;
#105 = ORIENTED_EDGE ( 'NONE', *, *, #229, .F. ) ;
#106 = CARTESIAN_POINT ( 'NONE',  ( 15.68417908632150100, 0.3254078217023936300, 25.99846399747557500 ) ) ;
#107 = CARTESIAN_POINT ( 'NONE',  ( 11.21041732886685900, 24.95396347092921000, -1.522571203474071300 ) ) ;
#108 = ORIENTED_EDGE ( 'NONE', *, *, #1240, .T. ) ;
#109 = LINE ( 'NONE', #1224, #929 ) ;
#110 = CARTESIAN_POINT ( 'NONE',  ( 13.19999999999999900, -31.60100000000011600, 1.103343017887822600E-013 ) ) ;
#111 = CONICAL_SURFACE ( 'NONE', #393, 25.00000000000000000, 0.7853981633974446200 ) ;
#112 = CARTESIAN_POINT ( 'NONE',  ( 94.00000000000000000, 0.0000000000000000000, 0.0000000000000000000 ) ) ;
#113 = CARTESIAN_POINT ( 'NONE',  ( 14.72254131297696300, 1.989605005792638700, -25.92392190749080400 ) ) ;
#114 = PERSON_AND_ORGANIZATION ( #855, #1134 ) ;
#115 = CARTESIAN_POINT ( 'NONE',  ( 11.54785397967778100, -1.883343337364394000, 25.93195632307398000 ) ) ;
#116 = PRODUCT_DEFINITION_FORMATION_WITH_SPECIFIED_SOURCE ( '任何', '', #1167, .NOT_KNOWN. ) ;
#117 = CARTESIAN_POINT ( 'NONE',  ( 10.70000000000000100, 0.0000000000000000000, 24.99999999999999300 ) ) ;
#118 = CARTESIAN_POINT ( 'NONE',  ( 11.94619204500181600, 2.169018990670449600, -25.90952820415174400 ) ) ;
#119 = EDGE_CURVE ( 'NONE', #707, #1201, #661, .T. ) ;
#120 = CARTESIAN_POINT ( 'NONE',  ( 13.84872062499584400, -2.419896091148404900, 25.88716153373158900 ) ) ;
#121 = ORIENTED_EDGE ( 'NONE', *, *, #293, .F. ) ;
#122 = CARTESIAN_POINT ( 'NONE',  ( 12.87404334628178200, 2.484007728349852100, 25.88108801251108600 ) ) ;
#123 = CARTESIAN_POINT ( 'NONE',  ( 15.61967122186689800, -0.6495400722759306900, 25.99237955368185700 ) ) ;
#124 = CARTESIAN_POINT ( 'NONE',  ( 12.55253969177009700, 25.88713321241234400, -2.420196996266263900 ) ) ;
#125 = ORIENTED_EDGE ( 'NONE', *, *, #689, .F. ) ;
#126 = AXIS2_PLACEMENT_3D ( 'NONE', #225, #538, #977 ) ;
#127 = VECTOR ( 'NONE', #844, 1000.000000000000000 ) ;
#128 = CARTESIAN_POINT ( 'NONE',  ( 10.82847197230588800, -24.98740144503741300, -0.8078843750690568600 ) ) ;
#129 = ORIENTED_EDGE ( 'NONE', *, *, #907, .F. ) ;
#130 = CARTESIAN_POINT ( 'NONE',  ( 10.70000000000000100, 3.184081695748259800E-015, -26.00000000000000000 ) ) ;
#131 = CARTESIAN_POINT ( 'NONE',  ( 10.95346997492408800, -1.109033567399923900, 25.97677785900289000 ) ) ;
#132 = CARTESIAN_POINT ( 'NONE',  ( 90.01421356237310100, 0.0000000000000000000, 0.0000000000000000000 ) ) ;
#133 = ORIENTED_EDGE ( 'NONE', *, *, #255, .T. ) ;
#134 = CARTESIAN_POINT ( 'NONE',  ( 10.69994107873876900, 26.00000566550551900, 0.1622585466813757100 ) ) ;
#135 = ORIENTED_EDGE ( 'NONE', *, *, #151, .F. ) ;
#136 = CARTESIAN_POINT ( 'NONE',  ( 3.199999999999999700, 3.869883885305636000E-015, -31.60000000000000100 ) ) ;
#137 = ORIENTED_EDGE ( 'NONE', *, *, #341, .T. ) ;
#138 = CARTESIAN_POINT ( 'NONE',  ( 11.21255591192228200, -24.95379230241927000, -1.525365217784148100 ) ) ;
#139 = AXIS2_PLACEMENT_3D ( 'NONE', #198, #429, #1247 ) ;
#140 = CARTESIAN_POINT ( 'NONE',  ( 2.000000000000000400, 3.132322013783374900E-015, -24.99999999999998900 ) ) ;
#141 = VECTOR ( 'NONE', #165, 1000.000000000000000 ) ;
#142 = EDGE_CURVE ( 'NONE', #422, #223, #1220, .T. ) ;
#143 = DIRECTION ( 'NONE',  ( -1.000000000000000000, -0.0000000000000000000, -0.0000000000000000000 ) ) ;
#144 = CIRCLE ( 'NONE', #172, 31.60000000000000100 ) ;
#145 = CARTESIAN_POINT ( 'NONE',  ( 15.36953988491358000, -24.96895294752281600, 1.253043936259746700 ) ) ;
#146 = PERSON_AND_ORGANIZATION ( #855, #1134 ) ;
#147 = CARTESIAN_POINT ( 'NONE',  ( 11.54880148451357000, 1.884173763977143600, 25.93189572796667600 ) ) ;
#148 = CARTESIAN_POINT ( 'NONE',  ( 14.45443134247140900, -24.90592975326987700, -2.168620063959850500 ) ) ;
#149 = CARTESIAN_POINT ( 'NONE',  ( 13.03679048333765400, 25.87952858921509100, 2.499999999999729100 ) ) ;
#150 = DIRECTION ( 'NONE',  ( -0.0000000000000000000, 0.0000000000000000000, 1.000000000000000000 ) ) ;
#151 = EDGE_CURVE ( 'NONE', #713, #359, #916, .T. ) ;
#152 = ORIENTED_EDGE ( 'NONE', *, *, #827, .F. ) ;
#153 = CARTESIAN_POINT ( 'NONE',  ( 95.00000000000000000, 0.0000000000000000000, 0.0000000000000000000 ) ) ;
#154 = ORIENTED_EDGE ( 'NONE', *, *, #1322, .F. ) ;
#155 = ORIENTED_EDGE ( 'NONE', *, *, #1182, .T. ) ;
#156 = DIRECTION ( 'NONE',  ( 1.000000000000000000, 0.0000000000000000000, 0.0000000000000000000 ) ) ;
#157 = CARTESIAN_POINT ( 'NONE',  ( 10.71622250176538700, -25.99842571235311800, -0.3280013742779600600 ) ) ;
#158 = CARTESIAN_POINT ( 'NONE',  ( 11.67185097685283800, -24.92120931782688200, 1.985383306183506400 ) ) ;
#159 = CARTESIAN_POINT ( 'NONE',  ( 90.01421356237310100, 2.951398785945121600E-015, 24.10000000000000500 ) ) ;
#160 = CARTESIAN_POINT ( 'NONE',  ( 14.45200055627907400, 25.90943598929087700, 2.170142594244441400 ) ) ;
#161 = CIRCLE ( 'NONE', #656, 24.99999999999998900 ) ;
#162 = CARTESIAN_POINT ( 'NONE',  ( 13.19999999999999900, 31.60100000000036500, 2.499999999999667800 ) ) ;
#163 = LINE ( 'NONE', #1128, #703 ) ;
#164 = CARTESIAN_POINT ( 'NONE',  ( 12.87100973299326500, -25.88112354271327900, -2.483641761132142600 ) ) ;
#165 = DIRECTION ( 'NONE',  ( -0.0000000000000000000, -0.0000000000000000000, 1.000000000000000000 ) ) ;
#166 = CARTESIAN_POINT ( 'NONE',  ( 15.57237109198581500, 0.8054273576766376500, 24.98748174524254800 ) ) ;
#167 = ADVANCED_FACE ( 'NONE', ( #66 ), #597, .F. ) ;
#168 = CARTESIAN_POINT ( 'NONE',  ( 15.57215969408607000, -0.8058335233485448600, 24.98746277938381900 ) ) ;
#169 = CARTESIAN_POINT ( 'NONE',  ( 14.85124357496274400, -25.93189873164753200, -1.884130677836520100 ) ) ;
#170 = ORIENTED_EDGE ( 'NONE', *, *, #328, .T. ) ;
#171 = ORIENTED_EDGE ( 'NONE', *, *, #470, .T. ) ;
#172 = AXIS2_PLACEMENT_3D ( 'NONE', #1338, #809, #542 ) ;
#173 = CARTESIAN_POINT ( 'NONE',  ( 13.03676410361456700, -2.500125740978187000, 24.87467329022545200 ) ) ;
#174 = ORIENTED_EDGE ( 'NONE', *, *, #119, .T. ) ;
#175 = CARTESIAN_POINT ( 'NONE',  ( 13.84874342732638800, 2.419890192637125900, 24.88262770889313600 ) ) ;
#176 = ADVANCED_FACE ( 'NONE', ( #352 ), #35, .F. ) ;
#177 = CARTESIAN_POINT ( 'NONE',  ( 15.61988992940037200, 24.99209588547489600, 0.6487444282949045300 ) ) ;
#178 = DIRECTION ( 'NONE',  ( 0.0000000000000000000, 0.0000000000000000000, 1.000000000000000000 ) ) ;
#179 = VECTOR ( 'NONE', #1012, 1000.000000000000000 ) ;
#180 = CARTESIAN_POINT ( 'NONE',  ( 10.70000000000000300, -0.3305063766663732800, 24.99999999999999300 ) ) ;
#181 = LINE ( 'NONE', #54, #212 ) ;
#182 = CALENDAR_DATE ( 2025, 10, 3 ) ;
#183 = EDGE_CURVE ( 'NONE', #422, #524, #320, .T. ) ;
#184 = CARTESIAN_POINT ( 'NONE',  ( 15.68376868269157500, 0.3278008924763868800, -24.99836206720142300 ) ) ;
#185 = APPROVAL ( #843, '未指定' ) ;
#186 = CARTESIAN_POINT ( 'NONE',  ( 13.52637449227344600, 2.484060984458448900, -24.87630362147113100 ) ) ;
#187 = CARTESIAN_POINT ( 'NONE',  ( 15.08270556893915100, -1.652872753585983500, -25.94766564700310200 ) ) ;
#188 = ORIENTED_EDGE ( 'NONE', *, *, #1147, .F. ) ;
#189 = CARTESIAN_POINT ( 'NONE',  ( 13.19999999999999900, 31.60100000000030800, -2.500000000000329500 ) ) ;
#190 = EDGE_CURVE ( 'NONE', #993, #1135, #1164, .T. ) ;
#191 = CARTESIAN_POINT ( 'NONE',  ( 15.69999999999999900, 0.0000000000000000000, -24.99999999999999300 ) ) ;
#192 = ORIENTED_EDGE ( 'NONE', *, *, #190, .F. ) ;
#193 = CARTESIAN_POINT ( 'NONE',  ( 10.95307623591046400, 1.108237982093039500, -24.97588368351297900 ) ) ;
#194 = CARTESIAN_POINT ( 'NONE',  ( 12.09258366810145100, -2.247326808766621800, -25.90276972938182000 ) ) ;
#195 = CARTESIAN_POINT ( 'NONE',  ( 15.68400768364247500, 25.99844804935627000, -0.3259570981362641700 ) ) ;
#196 = CARTESIAN_POINT ( 'NONE',  ( 12.39211657594193900, -2.371528299825740300, -24.88734287464370400 ) ) ;
#197 = ORIENTED_EDGE ( 'NONE', *, *, #899, .F. ) ;
#198 = CARTESIAN_POINT ( 'NONE',  ( 90.01421356237310100, 0.0000000000000000000, 0.0000000000000000000 ) ) ;
#199 = DIRECTION ( 'NONE',  ( 0.0000000000000000000, 0.0000000000000000000, 1.000000000000000000 ) ) ;
#200 = CARTESIAN_POINT ( 'NONE',  ( 15.44742762582653500, 25.97685576524276400, -1.107219055915074700 ) ) ;
#201 = CARTESIAN_POINT ( 'NONE',  ( 10.82726557135749500, 24.98751640425208400, -0.8043581523330609600 ) ) ;
#202 = FACE_BOUND ( 'NONE', #1261, .T. ) ;
#203 = AXIS2_PLACEMENT_3D ( 'NONE', #1030, #1133, #921 ) ;
#204 = B_SPLINE_CURVE_WITH_KNOTS ( 'NONE', 3,
 ( #1281, #779, #1188, #982, #1089, #353, #1096, #462, #1191, #1237, #535, #617, #696, #196, #822, #748, #1246, #1045, #505, #387, #1319, #937, #403, #928, #529, #267, #623, #1016, #481, #609, #1058, #191 ),
 .UNSPECIFIED., .F., .F.,
 ( 4, 2, 2, 2, 2, 2, 2, 2, 2, 2, 2, 2, 2, 2, 2, 4 ),
 ( 0.007821024441662308500, 0.008309723826317914900, 0.008798423210973519600, 0.009287122595629126000, 0.009775821980284732400, 0.01026452136494033700, 0.01075322074959594300, 0.01124192013425155000, 0.01173061951890715600, 0.01221931890356276300, 0.01270801828821836700, 0.01319671767287397200, 0.01368541705752957800, 0.01417411644218518500, 0.01466281582684078900, 0.01564021459615200600 ),
 .UNSPECIFIED. ) ;
#205 = APPROVAL_ROLE ( '' ) ;
#206 = CARTESIAN_POINT ( 'NONE',  ( 14.72539228291790200, -25.92408512381918600, -1.987511674303433300 ) ) ;
#207 = DIRECTION ( 'NONE',  ( -0.0000000000000000000, 1.000000000000000000, -3.491481338843133400E-015 ) ) ;
#208 = CARTESIAN_POINT ( 'NONE',  ( 15.18678438345541800, 24.95373759919982600, -1.526338832660164600 ) ) ;
#209 = EDGE_LOOP ( 'NONE', ( #756, #105, #394, #368 ) ) ;
#210 = CYLINDRICAL_SURFACE ( 'NONE', #274, 26.00000000000000000 ) ;
#211 = CARTESIAN_POINT ( 'NONE',  ( 14.00787293289747600, 2.371531165447615700, 25.89169400650753500 ) ) ;
#212 = VECTOR ( 'NONE', #344, 1000.000000000000000 ) ;
#213 = DATE_AND_TIME ( #501, #789 ) ;
#214 = AXIS2_PLACEMENT_3D ( 'NONE', #1203, #1303, #1081 ) ;
#215 = CARTESIAN_POINT ( 'NONE',  ( 12.39316411112866900, 2.371819214216755300, 24.88731391344727200 ) ) ;
#216 = CARTESIAN_POINT ( 'NONE',  ( 10.70000000000000100, 3.061616997868381700E-016, -31.60100000000000300 ) ) ;
#217 = EDGE_CURVE ( 'NONE', #729, #220, #950, .T. ) ;
#218 = DIRECTION ( 'NONE',  ( 0.0000000000000000000, 0.0000000000000000000, 1.000000000000000000 ) ) ;
#219 = CARTESIAN_POINT ( 'NONE',  ( 14.30721680988197700, 2.247428691871690800, -25.90276089533767800 ) ) ;
#220 = VERTEX_POINT ( 'NONE', #967 ) ;
#221 = CARTESIAN_POINT ( 'NONE',  ( 0.0000000000000000000, 0.0000000000000000000, 0.0000000000000000000 ) ) ;
#222 = CARTESIAN_POINT ( 'NONE',  ( 11.94697104419024400, -2.169548568920207200, 25.90948595519482100 ) ) ;
#223 = VERTEX_POINT ( 'NONE', #972 ) ;
#224 = CARTESIAN_POINT ( 'NONE',  ( 11.54713032097556700, 25.93200263528194700, -1.882708256322294100 ) ) ;
#225 = CARTESIAN_POINT ( 'NONE',  ( 94.00000000000000000, 0.0000000000000000000, 0.0000000000000000000 ) ) ;
#226 = EDGE_LOOP ( 'NONE', ( #97, #808 ) ) ;
#227 = EDGE_LOOP ( 'NONE', ( #651, #1110, #170, #866 ) ) ;
#228 = CARTESIAN_POINT ( 'NONE',  ( 11.54616421027383000, 1.881855712361448300, -25.93206462788011600 ) ) ;
#229 = EDGE_CURVE ( 'NONE', #220, #729, #850, .T. ) ;
#230 = CARTESIAN_POINT ( 'NONE',  ( 14.30741633189854600, -2.247326808766622300, 25.90276972938180900 ) ) ;
#231 = ORIENTED_EDGE ( 'NONE', *, *, #762, .T. ) ;
#232 = CARTESIAN_POINT ( 'NONE',  ( 13.52945581211516500, 2.483547069697329900, 25.88113250502246700 ) ) ;
#233 = CARTESIAN_POINT ( 'NONE',  ( 15.70000000000000300, -0.1632095073417162400, 26.00000000000000400 ) ) ;
#234 = CIRCLE ( 'NONE', #363, 26.00000000000000000 ) ;
#235 = CARTESIAN_POINT ( 'NONE',  ( 3.199999999999999700, 0.0000000000000000000, 31.60000000000000100 ) ) ;
#236 = CARTESIAN_POINT ( 'NONE',  ( 12.39370326646873500, -25.89164408955723900, 2.372074613734941600 ) ) ;
#237 = ORIENTED_EDGE ( 'NONE', *, *, #557, .F. ) ;
#238 = CARTESIAN_POINT ( 'NONE',  ( 13.19999999999999900, 0.0000000000000000000, -31.60100000000000300 ) ) ;
#239 = CARTESIAN_POINT ( 'NONE',  ( 12.09177624189703200, 25.90280419968230400, 2.246931311485707500 ) ) ;
#240 = ORIENTED_EDGE ( 'NONE', *, *, #907, .T. ) ;
#241 = CARTESIAN_POINT ( 'NONE',  ( 11.94917784853549500, 2.170738140403501800, 25.90938345600979200 ) ) ;
#242 = DIRECTION ( 'NONE',  ( 0.0000000000000000000, 0.0000000000000000000, 1.000000000000000000 ) ) ;
#243 = CARTESIAN_POINT ( 'NONE',  ( 90.01421356237310100, 0.0000000000000000000, -24.10000000000000500 ) ) ;
#244 = AXIS2_PLACEMENT_3D ( 'NONE', #584, #684, #150 ) ;
#245 = CIRCLE ( 'NONE', #62, 24.10000000000000500 ) ;
#246 = DIRECTION ( 'NONE',  ( -1.000000000000000000, -0.0000000000000000000, -0.0000000000000000000 ) ) ;
#247 = CARTESIAN_POINT ( 'NONE',  ( 14.85382172380179900, -25.93206360452296600, 1.881871692323560600 ) ) ;
#248 = LINE ( 'NONE', #1099, #1070 ) ;
#249 = APPROVAL_DATE_TIME ( #536, #1206 ) ;
#250 = CARTESIAN_POINT ( 'NONE',  ( 0.0000000000000000000, 0.0000000000000000000, 0.0000000000000000000 ) ) ;
#251 = CARTESIAN_POINT ( 'NONE',  ( 13.84748602788497800, -24.88259830320567900, 2.420190497187920000 ) ) ;
#252 = CARTESIAN_POINT ( 'NONE',  ( 13.19999999999999900, 25.87952858921509100, 2.499999999999727800 ) ) ;
#253 = ORIENTED_EDGE ( 'NONE', *, *, #9, .F. ) ;
#254 = CARTESIAN_POINT ( 'NONE',  ( 90.01421356237310100, 0.0000000000000000000, 0.0000000000000000000 ) ) ;
#255 = EDGE_CURVE ( 'NONE', #1275, #1201, #567, .T. ) ;
#256 = CARTESIAN_POINT ( 'NONE',  ( 15.68406101032949400, -24.99839071201794000, 0.3263743740003829400 ) ) ;
#257 = DIRECTION ( 'NONE',  ( -1.000000000000000000, -0.0000000000000000000, -0.0000000000000000000 ) ) ;
#258 = CARTESIAN_POINT ( 'NONE',  ( 10.71622250176538800, 25.99842571235312500, 0.3280013742777780400 ) ) ;
#259 = CARTESIAN_POINT ( 'NONE',  ( 11.03099759943708400, -24.96890841992680900, -1.253834772692596900 ) ) ;
#260 = CC_DESIGN_APPROVAL ( #185, ( #116 ) ) ;
#261 = VECTOR ( 'NONE', #997, 1000.000000000000000 ) ;
#262 = EDGE_CURVE ( 'NONE', #729, #455, #283, .T. ) ;
#263 = DIRECTION ( 'NONE',  ( -1.000000000000000000, -0.0000000000000000000, -0.0000000000000000000 ) ) ;
#264 = ORIENTED_EDGE ( 'NONE', *, *, #453, .F. ) ;
#265 = CARTESIAN_POINT ( 'NONE',  ( 10.78022953714757500, -24.99208438876295800, -0.6490443775043139900 ) ) ;
#266 = CARTESIAN_POINT ( 'NONE',  ( 15.08185300108973500, 25.94760368901680200, 1.653838878884350300 ) ) ;
#267 = CARTESIAN_POINT ( 'NONE',  ( 15.08185954148645500, -1.653834020452932000, -24.94550385189584300 ) ) ;
#268 = DIRECTION ( 'NONE',  ( 0.0000000000000000000, 0.0000000000000000000, 1.000000000000000000 ) ) ;
#269 = CARTESIAN_POINT ( 'NONE',  ( 12.55253969177009700, -25.88713321241236500, 2.420196996266083600 ) ) ;
#270 = CARTESIAN_POINT ( 'NONE',  ( 10.82735475299097400, -25.98798857673924800, -0.8046138275018736000 ) ) ;
#271 = DIRECTION ( 'NONE',  ( -1.000000000000000000, -0.0000000000000000000, -0.0000000000000000000 ) ) ;
#272 = DIRECTION ( 'NONE',  ( -1.000000000000000000, -0.0000000000000000000, -0.0000000000000000000 ) ) ;
#273 = CARTESIAN_POINT ( 'NONE',  ( 15.61977648660275800, 25.99238947488616000, 0.6490216124016742200 ) ) ;
#274 = AXIS2_PLACEMENT_3D ( 'NONE', #1084, #1184, #649 ) ;
#275 = ORIENTED_EDGE ( 'NONE', *, *, #837, .T. ) ;
#276 = CARTESIAN_POINT ( 'NONE',  ( 13.19999999999999900, -25.87952858921507400, -2.499999999999908500 ) ) ;
#277 = CARTESIAN_POINT ( 'NONE',  ( 14.72450344187179500, 1.988066470813645100, 24.92099187803979300 ) ) ;
#278 = CARTESIAN_POINT ( 'NONE',  ( 15.70012670477567000, -26.00001218314790200, 0.1631961721398204900 ) ) ;
#279 = ADVANCED_FACE ( 'NONE', ( #1098 ), #532, .T. ) ;
#280 = ORIENTED_EDGE ( 'NONE', *, *, #1005, .T. ) ;
#281 = CARTESIAN_POINT ( 'NONE',  ( 15.37011290280924300, -1.252049606094336000, 24.96900299967626300 ) ) ;
#282 = CARTESIAN_POINT ( 'NONE',  ( 0.0000000000000000000, 0.0000000000000000000, 31.60000000000000100 ) ) ;
#283 = LINE ( 'NONE', #447, #814 ) ;
#284 = ORIENTED_EDGE ( 'NONE', *, *, #229, .T. ) ;
#285 = ADVANCED_FACE ( 'NONE', ( #881, #1328 ), #210, .T. ) ;
#286 = APPROVAL_PERSON_ORGANIZATION ( #571, #1206, #1355 ) ;
#287 = CARTESIAN_POINT ( 'NONE',  ( 12.55439333851367700, -2.420689345803751300, 24.88254961038872500 ) ) ;
#288 = DIRECTION ( 'NONE',  ( -1.000000000000000000, -0.0000000000000000000, -0.0000000000000000000 ) ) ;
#289 = AXIS2_PLACEMENT_3D ( 'NONE', #99, #742, #268 ) ;
#290 = CARTESIAN_POINT ( 'NONE',  ( 11.67569702370999200, -25.92402547330793900, 1.988262535362137300 ) ) ;
#291 = CARTESIAN_POINT ( 'NONE',  ( 0.0000000000000000000, 0.0000000000000000000, 0.0000000000000000000 ) ) ;
#292 = ORIENTED_EDGE ( 'NONE', *, *, #1111, .F. ) ;
#293 = EDGE_CURVE ( 'NONE', #658, #713, #497, .T. ) ;
#294 = CARTESIAN_POINT ( 'NONE',  ( 15.57206391457593000, 0.8063280894284509100, -24.98745245851525700 ) ) ;
#295 = EDGE_LOOP ( 'NONE', ( #361, #857 ) ) ;
#296 = ORIENTED_EDGE ( 'NONE', *, *, #375, .F. ) ;
#297 = ORIENTED_EDGE ( 'NONE', *, *, #87, .F. ) ;
#298 = CONICAL_SURFACE ( 'NONE', #919, 25.00000000000000000, 0.7853981633974446200 ) ;
#299 = CARTESIAN_POINT ( 'NONE',  ( 13.03773523386616900, 2.500059064463612500, -24.87467999146394600 ) ) ;
#300 = CARTESIAN_POINT ( 'NONE',  ( 14.72632578533830400, -1.986794441811439200, -25.92414031942677600 ) ) ;
#301 = CARTESIAN_POINT ( 'NONE',  ( 11.21255591192228200, 24.95379230241928400, 1.525365217783974000 ) ) ;
#302 = VERTEX_POINT ( 'NONE', #768 ) ;
#303 = FACE_OUTER_BOUND ( 'NONE', #1194, .T. ) ;
#304 = CARTESIAN_POINT ( 'NONE',  ( 15.36861818252481100, 1.254434665533505700, 24.96887599906795400 ) ) ;
#305 = EDGE_CURVE ( 'NONE', #32, #1010, #1293, .T. ) ;
#306 = CARTESIAN_POINT ( 'NONE',  ( 13.84748602788497800, 24.88259830320567200, -2.420190497188095000 ) ) ;
#307 = CARTESIAN_POINT ( 'NONE',  ( 10.78033563915884800, 0.6495680347195880200, -24.99207398768919200 ) ) ;
#308 = CARTESIAN_POINT ( 'NONE',  ( 11.67550891717517900, -1.988076425614544200, -25.92403889546550700 ) ) ;
#309 = CARTESIAN_POINT ( 'NONE',  ( 14.72813733305785200, 25.92424804639598400, -1.985391186046146800 ) ) ;
#310 = DIRECTION ( 'NONE',  ( 0.0000000000000000000, 0.0000000000000000000, 1.000000000000000000 ) ) ;
#311 = CARTESIAN_POINT ( 'NONE',  ( 95.00000000000000000, 0.0000000000000000000, 0.0000000000000000000 ) ) ;
#312 = CARTESIAN_POINT ( 'NONE',  ( 15.08417100044904700, 25.94777248346838000, -1.651201684094008200 ) ) ;
#313 = CARTESIAN_POINT ( 'NONE',  ( 10.70012714542458500, 24.99998728546121600, 0.1670642424129204200 ) ) ;
#314 = ORIENTED_EDGE ( 'NONE', *, *, #190, .T. ) ;
#315 = EDGE_LOOP ( 'NONE', ( #1106, #71, #280, #669 ) ) ;
#316 = PERSON_AND_ORGANIZATION_ROLE ( 'design_supplier' ) ;
#317 = DIRECTION ( 'NONE',  ( 0.0000000000000000000, 0.0000000000000000000, 1.000000000000000000 ) ) ;
#318 = ORIENTED_EDGE ( 'NONE', *, *, #142, .T. ) ;
#319 = CARTESIAN_POINT ( 'NONE',  ( 15.61977648660275600, -25.99238947488614600, -0.6490216124018557400 ) ) ;
#320 = CIRCLE ( 'NONE', #1090, 26.00000000000000000 ) ;
#321 = ORIENTED_EDGE ( 'NONE', *, *, #183, .T. ) ;
#322 = CARTESIAN_POINT ( 'NONE',  ( 94.00000000000000000, 0.0000000000000000000, 24.10000000000000500 ) ) ;
#323 = AXIS2_PLACEMENT_3D ( 'NONE', #132, #56, #888 ) ;
#324 = DIRECTION ( 'NONE',  ( -0.0000000000000000000, -1.000000000000000000, 1.047444401652940000E-014 ) ) ;
#325 = CARTESIAN_POINT ( 'NONE',  ( 14.45380795499818800, 2.169018990670449100, 25.90952820415174100 ) ) ;
#326 = ORIENTED_EDGE ( 'NONE', *, *, #255, .F. ) ;
#327 = DIRECTION ( 'NONE',  ( -0.0000000000000000000, -0.0000000000000000000, 1.000000000000000000 ) ) ;
#328 = EDGE_CURVE ( 'NONE', #670, #2, #1052, .T. ) ;
#329 = VERTEX_POINT ( 'NONE', #915 ) ;
#330 = CARTESIAN_POINT ( 'NONE',  ( 0.0000000000000000000, 0.0000000000000000000, 26.00000000000000000 ) ) ;
#331 = CARTESIAN_POINT ( 'NONE',  ( 0.0000000000000000000, 0.0000000000000000000, 26.15470053837922700 ) ) ;
#332 = CIRCLE ( 'NONE', #1130, 1.000000000000000900 ) ;
#333 = CARTESIAN_POINT ( 'NONE',  ( 13.84558158424036900, 2.420695468805331700, -25.88708644388456300 ) ) ;
#334 = ORIENTED_EDGE ( 'NONE', *, *, #540, .F. ) ;
#335 = CARTESIAN_POINT ( 'NONE',  ( 15.08474219105991000, -24.94571509704179800, -1.650755887535046800 ) ) ;
#336 = CYLINDRICAL_SURFACE ( 'NONE', #1168, 2.499999999999998700 ) ;
#337 = ORIENTED_EDGE ( 'NONE', *, *, #611, .F. ) ;
#338 = CC_DESIGN_PERSON_AND_ORGANIZATION_ASSIGNMENT ( #721, #951, ( #116 ) ) ;
#339 = DIRECTION ( 'NONE',  ( -1.000000000000000000, -0.0000000000000000000, -0.0000000000000000000 ) ) ;
#340 = CARTESIAN_POINT ( 'NONE',  ( 11.21249059353145600, 1.525395321433391100, -25.95557567225605700 ) ) ;
#341 = EDGE_CURVE ( 'NONE', #1028, #842, #245, .T. ) ;
#342 = CARTESIAN_POINT ( 'NONE',  ( 14.45369171394774800, -2.169050027564014100, 25.90952455190209800 ) ) ;
#343 = VERTEX_POINT ( 'NONE', #48 ) ;
#344 = DIRECTION ( 'NONE',  ( -1.000000000000000000, -0.0000000000000000000, -0.0000000000000000000 ) ) ;
#345 = CARTESIAN_POINT ( 'NONE',  ( 90.01421356237310100, 2.828934106030386500E-015, -23.10000000000000100 ) ) ;
#346 = ORIENTED_EDGE ( 'NONE', *, *, #262, .T. ) ;
#347 = CARTESIAN_POINT ( 'NONE',  ( 0.0000000000000000000, 26.15470053837922700, 0.0000000000000000000 ) ) ;
#348 = DIRECTION ( 'NONE',  ( -0.8660254037844418200, 6.123233995736699500E-017, -0.4999999999999945600 ) ) ;
#349 = AXIS2_PLACEMENT_3D ( 'NONE', #805, #799, #1209 ) ;
#350 = DIRECTION ( 'NONE',  ( -0.0000000000000000000, 0.0000000000000000000, 1.000000000000000000 ) ) ;
#351 = CARTESIAN_POINT ( 'NONE',  ( 12.39370326646873700, 25.89164408955722200, -2.372074613735122700 ) ) ;
#352 = FACE_OUTER_BOUND ( 'NONE', #962, .T. ) ;
#353 = CARTESIAN_POINT ( 'NONE',  ( 10.95239748980448600, -1.106703319666879600, -24.97594585958022200 ) ) ;
#354 = ORIENTED_EDGE ( 'NONE', *, *, #770, .F. ) ;
#355 = CARTESIAN_POINT ( 'NONE',  ( 3.199999999999999700, 0.0000000000000000000, 0.0000000000000000000 ) ) ;
#356 = CARTESIAN_POINT ( 'NONE',  ( 13.53048990736778600, -25.87952858921505900, 2.500000000000088400 ) ) ;
#357 = DIRECTION ( 'NONE',  ( 0.0000000000000000000, 0.0000000000000000000, -1.000000000000000000 ) ) ;
#358 = CARTESIAN_POINT ( 'NONE',  ( 95.00000000000000000, 26.00000000000000000, 0.0000000000000000000 ) ) ;
#359 = VERTEX_POINT ( 'NONE', #282 ) ;
#360 = DIRECTION ( 'NONE',  ( -1.000000000000000000, -0.0000000000000000000, -0.0000000000000000000 ) ) ;
#361 = ORIENTED_EDGE ( 'NONE', *, *, #1273, .F. ) ;
#362 = CARTESIAN_POINT ( 'NONE',  ( 14.00632704388093000, -24.88729165112316000, 2.372064217798821600 ) ) ;
#363 = AXIS2_PLACEMENT_3D ( 'NONE', #25, #975, #642 ) ;
#364 = EDGE_CURVE ( 'NONE', #993, #1357, #469, .T. ) ;
#365 = CARTESIAN_POINT ( 'NONE',  ( 13.19999999999999900, 24.87468592766546700, -2.500000000000259300 ) ) ;
#366 = FACE_OUTER_BOUND ( 'NONE', #1342, .T. ) ;
#367 = CARTESIAN_POINT ( 'NONE',  ( 15.70005902754391000, -25.00000590275400100, -0.1622655820748908600 ) ) ;
#368 = ORIENTED_EDGE ( 'NONE', *, *, #341, .F. ) ;
#369 = FACE_OUTER_BOUND ( 'NONE', #533, .T. ) ;
#370 = CALENDAR_DATE ( 2025, 10, 3 ) ;
#371 = CARTESIAN_POINT ( 'NONE',  ( 12.09329870739572700, -24.89883914185501700, -2.247603472743096000 ) ) ;
#372 = CARTESIAN_POINT ( 'NONE',  ( 11.67489072039644600, 25.92407552484887400, 1.987600042576864300 ) ) ;
#373 = DIRECTION ( 'NONE',  ( 0.0000000000000000000, 0.0000000000000000000, 1.000000000000000000 ) ) ;
#374 = CARTESIAN_POINT ( 'NONE',  ( 0.0000000000000000000, 3.203027029698367600E-015, -26.15470053837922700 ) ) ;
#375 = EDGE_CURVE ( 'NONE', #1275, #875, #1033, .T. ) ;
#376 = CARTESIAN_POINT ( 'NONE',  ( 11.31665954227930900, -25.94771191801157800, 1.652149289433060900 ) ) ;
#377 = ORIENTED_EDGE ( 'NONE', *, *, #577, .F. ) ;
#378 = CARTESIAN_POINT ( 'NONE',  ( 11.03095152273859700, -25.97011043160228600, -1.253694461261607200 ) ) ;
#379 = CARTESIAN_POINT ( 'NONE',  ( 15.69999999999999900, -1.940518940753166900E-023, 24.99999999999999300 ) ) ;
#380 = CARTESIAN_POINT ( 'NONE',  ( 15.57275159021213900, -25.98799828043231500, 0.8043101778885178900 ) ) ;
#381 = CYLINDRICAL_SURFACE ( 'NONE', #873, 23.10000000000000100 ) ;
#382 = ADVANCED_FACE ( 'NONE', ( #1264 ), #785, .T. ) ;
#383 = DIRECTION ( 'NONE',  ( -1.000000000000000000, -0.0000000000000000000, -0.0000000000000000000 ) ) ;
#384 = CARTESIAN_POINT ( 'NONE',  ( 13.19999999999999900, 24.87468592766546700, -2.500000000000259300 ) ) ;
#385 = ORIENTED_EDGE ( 'NONE', *, *, #328, .F. ) ;
#386 = CARTESIAN_POINT ( 'NONE',  ( 14.45200055627907400, -25.90943598929086300, -2.170142594244622600 ) ) ;
#387 = CARTESIAN_POINT ( 'NONE',  ( 13.84560666148632000, -2.420689345803750800, -24.88254961038872500 ) ) ;
#388 = CARTESIAN_POINT ( 'NONE',  ( 15.08412382786471000, -1.651251241585099100, 24.94567559498348400 ) ) ;
#389 = DIRECTION ( 'NONE',  ( 0.0000000000000000000, 0.0000000000000000000, 1.000000000000000000 ) ) ;
#390 = CARTESIAN_POINT ( 'NONE',  ( 14.00463913299814100, 2.372637051600633700, 24.88723676875458300 ) ) ;
#391 = CARTESIAN_POINT ( 'NONE',  ( 15.68400768364247500, -25.99844804935627400, 0.3259570981360835300 ) ) ;
#392 = ADVANCED_FACE ( 'NONE', ( #751 ), #1233, .T. ) ;
#393 = AXIS2_PLACEMENT_3D ( 'NONE', #712, #1117, #373 ) ;
#394 = ORIENTED_EDGE ( 'NONE', *, *, #87, .T. ) ;
#395 = CARTESIAN_POINT ( 'NONE',  ( 12.09276154161590000, -2.247417070759888600, 24.89885693081945900 ) ) ;
#396 = CARTESIAN_POINT ( 'NONE',  ( 13.84796767221661400, -25.88713696134744100, -2.420159861588055100 ) ) ;
#397 = ADVANCED_FACE ( 'NONE', ( #998, #438 ), #1100, .F. ) ;
#398 = CARTESIAN_POINT ( 'NONE',  ( 0.0000000000000000000, 0.0000000000000000000, 0.0000000000000000000 ) ) ;
#399 = CARTESIAN_POINT ( 'NONE',  ( 15.57207435485233700, -0.8062976263385836000, -25.98793619215199200 ) ) ;
#400 = CIRCLE ( 'NONE', #423, 31.60000000000000100 ) ;
#401 = CARTESIAN_POINT ( 'NONE',  ( 15.62069526007802800, -25.99247530238022800, 0.6455824192587441600 ) ) ;
#402 = EDGE_CURVE ( 'NONE', #2, #670, #838, .T. ) ;
#403 = CARTESIAN_POINT ( 'NONE',  ( 14.45084023924054700, -2.170728182476711500, -24.90574631553724300 ) ) ;
#404 = CIRCLE ( 'NONE', #887, 26.00000000000000000 ) ;
#405 = DATE_AND_TIME ( #678, #971 ) ;
#406 = CARTESIAN_POINT ( 'NONE',  ( 15.36970456409869500, 1.252624798282894200, -24.96896960740657100 ) ) ;
#407 = CARTESIAN_POINT ( 'NONE',  ( 10.70000000000000100, 3.184081695748259800E-015, -26.00000000000000000 ) ) ;
#408 = CC_DESIGN_PERSON_AND_ORGANIZATION_ASSIGNMENT ( #445, #316, ( #116 ) ) ;
#409 = CARTESIAN_POINT ( 'NONE',  ( 12.55125657267361200, 2.419890192637125000, -24.88262770889312800 ) ) ;
#410 = CARTESIAN_POINT ( 'NONE',  ( 14.30763565347841400, -2.247143564441083500, -25.90278485634381400 ) ) ;
#411 = CARTESIAN_POINT ( 'NONE',  ( 10.95413706242712600, 24.97578799805290100, 1.110370215403641700 ) ) ;
#412 = CARTESIAN_POINT ( 'NONE',  ( 13.36317133795980700, -25.87952858921507000, -2.499999999999908500 ) ) ;
#413 = EDGE_CURVE ( 'NONE', #223, #302, #715, .T. ) ;
#414 = CARTESIAN_POINT ( 'NONE',  ( 10.70000000000000100, 0.1632133729155567600, -24.99999999999999300 ) ) ;
#415 = CARTESIAN_POINT ( 'NONE',  ( 11.31578081270081200, -1.651352510916971800, -25.94776902297924800 ) ) ;
#416 = CARTESIAN_POINT ( 'NONE',  ( 15.62069526007802800, 25.99247530238023200, -0.6455824192589252300 ) ) ;
#417 = EDGE_LOOP ( 'NONE', ( #377, #486, #893, #1195 ) ) ;
#418 = MECHANICAL_CONTEXT ( 'NONE', #945, 'mechanical' ) ;
#419 = DIRECTION ( 'NONE',  ( 0.0000000000000000000, 0.0000000000000000000, 1.000000000000000000 ) ) ;
#420 = CARTESIAN_POINT ( 'NONE',  ( 15.18960276977302600, 25.95573866151633500, -1.522544271034042700 ) ) ;
#421 = FACE_OUTER_BOUND ( 'NONE', #464, .T. ) ;
#422 = VERTEX_POINT ( 'NONE', #1025 ) ;
#423 = AXIS2_PLACEMENT_3D ( 'NONE', #355, #988, #242 ) ;
#424 = B_SPLINE_CURVE_WITH_KNOTS ( 'NONE', 3,
 ( #130, #802, #1277, #556, #1185, #452, #1086, #340, #978, #228, #869, #118, #763, #22, #650, #545, #1180, #448, #1079, #333, #973, #219, #861, #113, #757, #15, #639, #1268, #539, #1175, #443, #1075 ),
 .UNSPECIFIED., .F., .F.,
 ( 4, 2, 2, 2, 2, 2, 2, 2, 2, 2, 2, 2, 2, 2, 2, 4 ),
 ( 0.007820654687069050800, 0.008309331292102413100, 0.008798007897135775400, 0.009286684502169137800, 0.009775361107202500100, 0.01026403771223586200, 0.01075271431726922500, 0.01124139092230258700, 0.01173006752733594900, 0.01221874413236931200, 0.01270742073740267400, 0.01319609734243603700, 0.01368477394746939900, 0.01417345055250276100, 0.01466212715753612400, 0.01563948036760285200 ),
 .UNSPECIFIED. ) ;
#425 = FACE_OUTER_BOUND ( 'NONE', #981, .T. ) ;
#426 = PERSON_AND_ORGANIZATION_ROLE ( 'classification_officer' ) ;
#427 = CARTESIAN_POINT ( 'NONE',  ( 0.0000000000000000000, 0.0000000000000000000, 0.0000000000000000000 ) ) ;
#428 = CARTESIAN_POINT ( 'NONE',  ( 13.36317133795981100, 25.87952858921508800, 2.499999999999727300 ) ) ;
#429 = DIRECTION ( 'NONE',  ( 1.000000000000000000, 0.0000000000000000000, 0.0000000000000000000 ) ) ;
#430 = DIRECTION ( 'NONE',  ( 0.0000000000000000000, 0.0000000000000000000, -1.000000000000000000 ) ) ;
#431 = ORIENTED_EDGE ( 'NONE', *, *, #458, .F. ) ;
#432 = VERTEX_POINT ( 'NONE', #384 ) ;
#433 = CARTESIAN_POINT ( 'NONE',  ( 10.78014716994658100, 25.99239631423298000, -0.6491463092745100000 ) ) ;
#434 = CARTESIAN_POINT ( 'NONE',  ( 11.94695886470063900, 2.169541443998017600, 24.90585268157804300 ) ) ;
#435 = DIRECTION ( 'NONE',  ( -1.000000000000000000, -0.0000000000000000000, -0.0000000000000000000 ) ) ;
#436 = EDGE_LOOP ( 'NONE', ( #337, #296, #133, #614 ) ) ;
#437 = CARTESIAN_POINT ( 'NONE',  ( 14.85383578972617400, 1.881855712361448800, 25.93206462788012300 ) ) ;
#438 = FACE_OUTER_BOUND ( 'NONE', #582, .T. ) ;
#439 =( GEOMETRIC_REPRESENTATION_CONTEXT ( 3 ) GLOBAL_UNCERTAINTY_ASSIGNED_CONTEXT ( ( #849 ) ) GLOBAL_UNIT_ASSIGNED_CONTEXT ( ( #826, #1351, #736 ) ) REPRESENTATION_CONTEXT ( 'NONE', 'WORKASPACE' ) );
#440 = CARTESIAN_POINT ( 'NONE',  ( 11.03029543590130900, 1.252624798282894900, 24.96896960740658100 ) ) ;
#441 = LINE ( 'NONE', #1095, #1266 ) ;
#442 = DIRECTION ( 'NONE',  ( -1.000000000000000000, -0.0000000000000000000, -0.0000000000000000000 ) ) ;
#443 = CARTESIAN_POINT ( 'NONE',  ( 15.69999999999999900, 0.3304897716066735900, -26.00000000000000000 ) ) ;
#444 = EDGE_CURVE ( 'NONE', #658, #547, #400, .T. ) ;
#445 = PERSON_AND_ORGANIZATION ( #855, #1134 ) ;
#446 = CARTESIAN_POINT ( 'NONE',  ( 11.94558740580596600, 25.90955971180923000, 2.168631201359909200 ) ) ;
#447 = CARTESIAN_POINT ( 'NONE',  ( 0.0000000000000000000, 2.828934106030386500E-015, -23.10000000000000100 ) ) ;
#448 = CARTESIAN_POINT ( 'NONE',  ( 13.36319519528004600, 2.500126756271811200, -25.87951634437904900 ) ) ;
#449 = CARTESIAN_POINT ( 'NONE',  ( 15.18759751778355800, -1.525112619528437200, 25.95558520300782500 ) ) ;
#450 = CARTESIAN_POINT ( 'NONE',  ( 10.77980964520840800, 0.6474866336855774600, 24.99212517028517100 ) ) ;
#451 = EDGE_LOOP ( 'NONE', ( #197, #237, #709, #292 ) ) ;
#452 = CARTESIAN_POINT ( 'NONE',  ( 10.95238438123033300, 1.106676530159786500, -25.97687295015129600 ) ) ;
#453 = EDGE_CURVE ( 'NONE', #924, #329, #943, .T. ) ;
#454 = CARTESIAN_POINT ( 'NONE',  ( 15.44730838150630700, -24.97591843644067600, -1.107454712925152400 ) ) ;
#455 = VERTEX_POINT ( 'NONE', #345 ) ;
#456 = CARTESIAN_POINT ( 'NONE',  ( 95.00000000000000000, 0.0000000000000000000, 26.00000000000000000 ) ) ;
#457 = FACE_OUTER_BOUND ( 'NONE', #1329, .T. ) ;
#458 = EDGE_CURVE ( 'NONE', #924, #911, #109, .T. ) ;
#459 = EDGE_LOOP ( 'NONE', ( #152, #1280, #1076, #1358 ) ) ;
#460 = FACE_BOUND ( 'NONE', #295, .T. ) ;
#461 = CARTESIAN_POINT ( 'NONE',  ( 10.69999999999999900, -0.1652835404540988500, 26.00000000000000000 ) ) ;
#462 = CARTESIAN_POINT ( 'NONE',  ( 11.21250184165601400, -1.525407911884360600, -24.95379469572360900 ) ) ;
#463 = CARTESIAN_POINT ( 'NONE',  ( 12.09018436357236000, -24.89897847611261400, 2.246064934452452800 ) ) ;
#464 = EDGE_LOOP ( 'NONE', ( #700, #1061, #171, #155 ) ) ;
#465 = AXIS2_PLACEMENT_3D ( 'NONE', #1103, #761, #660 ) ;
#466 = DIRECTION ( 'NONE',  ( 0.0000000000000000000, 0.0000000000000000000, -1.000000000000000000 ) ) ;
#467 = ORIENTED_EDGE ( 'NONE', *, *, #640, .T. ) ;
#468 = ORIENTED_EDGE ( 'NONE', *, *, #476, .F. ) ;
#469 = LINE ( 'NONE', #1120, #179 ) ;
#470 = EDGE_CURVE ( 'NONE', #220, #92, #674, .T. ) ;
#471 = DIRECTION ( 'NONE',  ( -0.0000000000000000000, -1.000000000000000000, 1.047444401652940000E-014 ) ) ;
#472 = TOROIDAL_SURFACE ( 'NONE', #323, 24.10000000000000500, 1.000000000000000000 ) ;
#473 = CARTESIAN_POINT ( 'NONE',  ( 14.45262191388406100, -24.90583594271026500, 2.169706196070834800 ) ) ;
#474 = LOCAL_TIME ( 8, 38, 1.000000000000000000, #755 ) ;
#475 = CARTESIAN_POINT ( 'NONE',  ( 89.30710678118657600, 2.963210089094978000E-015, -23.39289321881344800 ) ) ;
#476 = EDGE_CURVE ( 'NONE', #575, #343, #968, .T. ) ;
#477 = CARTESIAN_POINT ( 'NONE',  ( 10.82726557135749500, -24.98751640425208700, 0.8043581523328865400 ) ) ;
#478 = CARTESIAN_POINT ( 'NONE',  ( 94.00000000000000000, 2.828934106030386500E-015, -23.10000000000000100 ) ) ;
#479 = CARTESIAN_POINT ( 'NONE',  ( 11.94795270348791800, -24.90580252587594500, -2.170114166673184000 ) ) ;
#480 = SECURITY_CLASSIFICATION ( '', '', #1059 ) ;
#481 = CARTESIAN_POINT ( 'NONE',  ( 15.44606379094066600, -1.109818057797411300, -24.97580694515540900 ) ) ;
#482 = EDGE_CURVE ( 'NONE', #77, #2, #638, .T. ) ;
#483 = VERTEX_POINT ( 'NONE', #1289 ) ;
#484 = CARTESIAN_POINT ( 'NONE',  ( 11.03045276325953100, -25.97014899536916100, 1.253031349107414500 ) ) ;
#485 = DIRECTION ( 'NONE',  ( 0.0000000000000000000, 0.0000000000000000000, 1.000000000000000000 ) ) ;
#486 = ORIENTED_EDGE ( 'NONE', *, *, #974, .T. ) ;
#487 = FACE_OUTER_BOUND ( 'NONE', #1051, .T. ) ;
#488 = CARTESIAN_POINT ( 'NONE',  ( 11.31524845207741600, -25.94780785632685000, -1.650744857556582000 ) ) ;
#489 = CARTESIAN_POINT ( 'NONE',  ( 13.19999999999999900, -24.87468592766548500, 2.500000000000085300 ) ) ;
#490 = CARTESIAN_POINT ( 'NONE',  ( 15.36901763279205800, 25.97010681692276200, 1.253810360859596500 ) ) ;
#491 = AXIS2_PLACEMENT_3D ( 'NONE', #1312, #271, #1193 ) ;
#492 = CARTESIAN_POINT ( 'NONE',  ( 15.69999999999999900, -1.940518940753166900E-023, 24.99999999999999300 ) ) ;
#493 = CARTESIAN_POINT ( 'NONE',  ( 15.08185300108973300, -25.94760368901678800, -1.653838878884532600 ) ) ;
#494 = EDGE_LOOP ( 'NONE', ( #687, #812, #1258, #51 ) ) ;
#495 = ADVANCED_FACE ( 'NONE', ( #366 ), #47, .F. ) ;
#496 = CARTESIAN_POINT ( 'NONE',  ( 14.72536182243080000, -1.987446652080259800, 24.92104239223419900 ) ) ;
#497 = LINE ( 'NONE', #868, #1067 ) ;
#498 = CARTESIAN_POINT ( 'NONE',  ( 11.67743225659810600, -1.989585286700238600, 24.92087098724764600 ) ) ;
#499 = LINE ( 'NONE', #162, #534 ) ;
#500 = ADVANCED_FACE ( 'NONE', ( #610 ), #298, .F. ) ;
#501 = CALENDAR_DATE ( 2025, 10, 3 ) ;
#502 = DIRECTION ( 'NONE',  ( -1.000000000000000000, -0.0000000000000000000, -0.0000000000000000000 ) ) ;
#503 = CARTESIAN_POINT ( 'NONE',  ( 10.70000000000000100, 3.184081695748259800E-015, -26.00000000000000000 ) ) ;
#504 = EDGE_CURVE ( 'NONE', #729, #1028, #580, .T. ) ;
#505 = CARTESIAN_POINT ( 'NONE',  ( 13.52596570039460000, -2.484007091859755400, -24.87630842367763200 ) ) ;
#506 = CARTESIAN_POINT ( 'NONE',  ( 15.08269712975891800, 1.652881481536637300, -24.94556728625771000 ) ) ;
#507 = CARTESIAN_POINT ( 'NONE',  ( 87.70000000000000300, 3.061616997868383000E-015, -25.00000000000000000 ) ) ;
#508 = ORIENTED_EDGE ( 'NONE', *, *, #364, .T. ) ;
#509 = EDGE_LOOP ( 'NONE', ( #42, #677 ) ) ;
#510 = CARTESIAN_POINT ( 'NONE',  ( 12.09254763180203100, 2.247309494740958000, -24.89886665287248100 ) ) ;
#511 = CARTESIAN_POINT ( 'NONE',  ( 13.84914615087640400, -2.419852863528650900, -25.88716577957993400 ) ) ;
#512 = CARTESIAN_POINT ( 'NONE',  ( 11.31814545424172500, 24.94550356982282600, 1.653836976964442100 ) ) ;
#513 = EDGE_CURVE ( 'NONE', #993, #223, #424, .T. ) ;
#514 = CARTESIAN_POINT ( 'NONE',  ( 13.36321338256193900, 24.87468592766551700, 2.499999999999738400 ) ) ;
#515 = ORIENTED_EDGE ( 'NONE', *, *, #652, .T. ) ;
#516 = CARTESIAN_POINT ( 'NONE',  ( 11.03137040564971400, -1.254415432563056800, -25.97007534943614700 ) ) ;
#517 = CARTESIAN_POINT ( 'NONE',  ( 14.30978904309724700, 25.90287757812011500, -2.246078207581295500 ) ) ;
#518 = TOROIDAL_SURFACE ( 'NONE', #139, 24.10000000000000500, 1.000000000000000000 ) ;
#519 = CARTESIAN_POINT ( 'NONE',  ( 15.18806354196722100, 24.95384270672376600, 1.524507323864402900 ) ) ;
#520 = APPLICATION_CONTEXT ( 'configuration controlled 3d designs of mechanical parts and assemblies' ) ;
#521 = CARTESIAN_POINT ( 'NONE',  ( 10.71599296018255000, 24.99838591452713000, -0.3259662189841199800 ) ) ;
#522 = CARTESIAN_POINT ( 'NONE',  ( 14.30905784917597100, 24.89893836570525200, -2.246517892703556700 ) ) ;
#523 = CARTESIAN_POINT ( 'NONE',  ( 12.55046057528940800, 25.88718259489929700, 2.419671368010643900 ) ) ;
#524 = VERTEX_POINT ( 'NONE', #456 ) ;
#525 = B_SPLINE_CURVE_WITH_KNOTS ( 'NONE', 3,
 ( #774, #559, #1221, #306, #6, #522, #1210, #813, #717, #683, #208, #954, #725, #728, #1232, #1136, #601, #65, #825, #177, #949, #828, #1350, #519, #632, #917, #942, #599, #1031, #913, #1250, #1344, #514, #1036 ),
 .UNSPECIFIED., .F., .F.,
 ( 4, 2, 2, 2, 2, 2, 2, 2, 2, 2, 2, 2, 2, 2, 2, 2, 4 ),
 ( 0.0000000000000000000, 0.0004888139295268114800, 0.0009776278590536229500, 0.001466441788580434400, 0.001955255718107245900, 0.002444069647634057600, 0.002932883577160868900, 0.003421697506687679700, 0.003910511436214491800, 0.004399325365741303500, 0.004888139295268115200, 0.005376953224794926000, 0.005865767154321737700, 0.006354581083848549400, 0.006843395013375360200, 0.007332208942902171900, 0.007821022872428983600 ),
 .UNSPECIFIED. ) ;
#526 = APPROVAL_STATUS ( 'not_yet_approved' ) ;
#527 = DIRECTION ( 'NONE',  ( -1.000000000000000000, -0.0000000000000000000, -0.0000000000000000000 ) ) ;
#528 = DIRECTION ( 'NONE',  ( 0.0000000000000000000, 0.0000000000000000000, 1.000000000000000000 ) ) ;
#529 = CARTESIAN_POINT ( 'NONE',  ( 14.85121133559112200, -1.884161199660610200, -24.92916496727981700 ) ) ;
#530 = CARTESIAN_POINT ( 'NONE',  ( 12.39460150926535700, 25.89161586764976500, 2.372381395914456600 ) ) ;
#531 = CARTESIAN_POINT ( 'NONE',  ( 0.0000000000000000000, 3.184081677783118200E-015, -26.00000000000000000 ) ) ;
#532 = TOROIDAL_SURFACE ( 'NONE', #126, 24.10000000000000500, 1.000000000000000000 ) ;
#533 = EDGE_LOOP ( 'NONE', ( #1310, #60, #1278, #1244 ) ) ;
#534 = VECTOR ( 'NONE', #1211, 1000.000000000000000 ) ;
#535 = CARTESIAN_POINT ( 'NONE',  ( 11.67463817756919800, -1.987446652080256500, -24.92104239223420200 ) ) ;
#536 = DATE_AND_TIME ( #821, #1101 ) ;
#537 = CARTESIAN_POINT ( 'NONE',  ( 15.18750940646854800, 1.525395321433389700, 25.95557567225606700 ) ) ;
#538 = DIRECTION ( 'NONE',  ( -1.000000000000000000, -0.0000000000000000000, -0.0000000000000000000 ) ) ;
#539 = CARTESIAN_POINT ( 'NONE',  ( 15.44607723053552200, 1.109791112012907800, -25.97673941376889700 ) ) ;
#540 = EDGE_CURVE ( 'NONE', #329, #924, #734, .T. ) ;
#541 = ORIENTED_EDGE ( 'NONE', *, *, #837, .F. ) ;
#542 = DIRECTION ( 'NONE',  ( 0.0000000000000000000, 0.0000000000000000000, 1.000000000000000000 ) ) ;
#543 = CARTESIAN_POINT ( 'NONE',  ( 10.71623131730842900, 0.3278008924763873300, 24.99836206720143000 ) ) ;
#544 = DIRECTION ( 'NONE',  ( 1.000000000000000000, 0.0000000000000000000, 0.0000000000000000000 ) ) ;
#545 = CARTESIAN_POINT ( 'NONE',  ( 12.87054418788483900, 2.483547069697329900, -25.88113250502246700 ) ) ;
#546 = CARTESIAN_POINT ( 'NONE',  ( 11.54616993865879600, 24.92933929881273200, -1.881863036291062400 ) ) ;
#547 = VERTEX_POINT ( 'NONE', #235 ) ;
#548 = CARTESIAN_POINT ( 'NONE',  ( 13.19999999999999900, 0.0000000000000000000, -31.60100000000000300 ) ) ;
#549 = CARTESIAN_POINT ( 'NONE',  ( 12.87364093034818600, -2.484062874401825400, 25.88108327749440500 ) ) ;
#550 = CYLINDRICAL_SURFACE ( 'NONE', #1257, 2.499999999999998700 ) ;
#551 = CARTESIAN_POINT ( 'NONE',  ( 12.09096843915430400, 25.90283903823579000, -2.246530968555275500 ) ) ;
#552 = CC_DESIGN_PERSON_AND_ORGANIZATION_ASSIGNMENT ( #146, #426, ( #480 ) ) ;
#553 = ORIENTED_EDGE ( 'NONE', *, *, #1343, .F. ) ;
#554 = FACE_BOUND ( 'NONE', #766, .T. ) ;
#555 = CARTESIAN_POINT ( 'NONE',  ( 13.19999999999999900, -24.87468592766550300, -2.499999999999912100 ) ) ;
#556 = CARTESIAN_POINT ( 'NONE',  ( 10.77984035657782500, 0.6479685823347211000, -25.99242499642472700 ) ) ;
#557 = EDGE_CURVE ( 'NONE', #455, #92, #865, .T. ) ;
#558 = CARTESIAN_POINT ( 'NONE',  ( 15.08421918729918700, -1.651352510916972700, 25.94776902297924800 ) ) ;
#559 = CARTESIAN_POINT ( 'NONE',  ( 13.36529204498392600, 24.87468592766546000, -2.500000000000259300 ) ) ;
#560 = DIRECTION ( 'NONE',  ( -1.000000000000000000, -0.0000000000000000000, -0.0000000000000000000 ) ) ;
#561 = CARTESIAN_POINT ( 'NONE',  ( 13.85883097392265700, -25.88617002725201400, 2.433503212818287400 ) ) ;
#562 = EDGE_LOOP ( 'NONE', ( #1349, #1013 ) ) ;
#563 = CARTESIAN_POINT ( 'NONE',  ( 87.70000000000000300, 0.0000000000000000000, 0.0000000000000000000 ) ) ;
#564 = ORIENTED_EDGE ( 'NONE', *, *, #34, .F. ) ;
#565 = CARTESIAN_POINT ( 'NONE',  ( 11.67459564724958900, -24.92104001570992700, -1.987500815020957000 ) ) ;
#566 = CARTESIAN_POINT ( 'NONE',  ( 12.39569113887432800, 2.372751998218116200, 25.89158175316901400 ) ) ;
#567 = LINE ( 'NONE', #331, #1362 ) ;
#568 = CARTESIAN_POINT ( 'NONE',  ( 10.95413706242712200, -24.97578799805289100, -1.110370215403815300 ) ) ;
#569 = CARTESIAN_POINT ( 'NONE',  ( 12.09018436357235500, 24.89897847611259600, -2.246064934452626000 ) ) ;
#570 = VERTEX_POINT ( 'NONE', #655 ) ;
#571 = PERSON_AND_ORGANIZATION ( #855, #1134 ) ;
#572 = CARTESIAN_POINT ( 'NONE',  ( 13.52780085147503900, -24.87633239769512600, 2.483768668929785800 ) ) ;
#573 = DIRECTION ( 'NONE',  ( 0.0000000000000000000, 0.0000000000000000000, 1.000000000000000000 ) ) ;
#574 = CARTESIAN_POINT ( 'NONE',  ( 14.85287788165174000, -24.92927584860334600, 1.882700276389469600 ) ) ;
#575 = VERTEX_POINT ( 'NONE', #475 ) ;
#576 = AXIS2_PLACEMENT_3D ( 'NONE', #548, #863, #764 ) ;
#577 = EDGE_CURVE ( 'NONE', #5, #670, #21, .T. ) ;
#578 = CARTESIAN_POINT ( 'NONE',  ( 10.70000000000000100, 0.0000000000000000000, 26.00000000000000000 ) ) ;
#579 = CARTESIAN_POINT ( 'NONE',  ( 15.57263662513088100, -24.98750710529286300, -0.8046405084609091800 ) ) ;
#580 = CIRCLE ( 'NONE', #845, 1.000000000000000900 ) ;
#581 = CARTESIAN_POINT ( 'NONE',  ( 95.00000000000000000, 0.0000000000000000000, 0.0000000000000000000 ) ) ;
#582 = EDGE_LOOP ( 'NONE', ( #959, #1177 ) ) ;
#583 = CIRCLE ( 'NONE', #1102, 23.39289321881345200 ) ;
#584 = CARTESIAN_POINT ( 'NONE',  ( 3.200000000000000200, 31.60000000000000100, 0.0000000000000000000 ) ) ;
#585 = AXIS2_PLACEMENT_3D ( 'NONE', #311, #1055, #419 ) ;
#586 = DIRECTION ( 'NONE',  ( 0.0000000000000000000, 0.0000000000000000000, -1.000000000000000000 ) ) ;
#587 = CARTESIAN_POINT ( 'NONE',  ( 10.82817141847914900, -25.98791478520806900, 0.8068087278862617900 ) ) ;
#588 = CARTESIAN_POINT ( 'NONE',  ( 15.44587637399998500, 25.97672120545568900, 1.110341509175274400 ) ) ;
#589 = CARTESIAN_POINT ( 'NONE',  ( 11.54713032097556700, -25.93200263528196500, 1.882708256322112000 ) ) ;
#590 = ORIENTED_EDGE ( 'NONE', *, *, #305, .F. ) ;
#591 = CARTESIAN_POINT ( 'NONE',  ( 11.67489072039644600, -25.92407552484885600, -1.987600042577044800 ) ) ;
#592 = CARTESIAN_POINT ( 'NONE',  ( 12.54113498273145700, -24.88159674818364300, 2.433493504319120100 ) ) ;
#593 = DIRECTION ( 'NONE',  ( 0.0000000000000000000, 0.0000000000000000000, 1.000000000000000000 ) ) ;
#594 = ORIENTED_EDGE ( 'NONE', *, *, #680, .T. ) ;
#595 = CARTESIAN_POINT ( 'NONE',  ( 15.69999999999999900, -0.1631750940176205900, 24.99999999999999300 ) ) ;
#596 = CARTESIAN_POINT ( 'NONE',  ( 13.84956727720092600, -24.88264971300134200, -2.419664531780118200 ) ) ;
#597 = CYLINDRICAL_SURFACE ( 'NONE', #1216, 2.499999999999998700 ) ;
#598 = ADVANCED_FACE ( 'NONE', ( #897 ), #550, .F. ) ;
#599 = CARTESIAN_POINT ( 'NONE',  ( 14.45443134247140400, 24.90592975326988800, 2.168620063959677800 ) ) ;
#600 = CARTESIAN_POINT ( 'NONE',  ( 14.31036796508863800, -2.245863995402894300, 24.89899750494196700 ) ) ;
#601 = CARTESIAN_POINT ( 'NONE',  ( 15.69994064347365500, 24.99999406434774600, -0.1640793693265813800 ) ) ;
#602 = ADVANCED_FACE ( 'NONE', ( #1146 ), #818, .F. ) ;
#603 = CARTESIAN_POINT ( 'NONE',  ( 11.31814045851354500, -1.653834020452932500, 24.94550385189584300 ) ) ;
#604 = ORIENTED_EDGE ( 'NONE', *, *, #1240, .F. ) ;
#605 = CARTESIAN_POINT ( 'NONE',  ( 11.31730287024108800, 1.652881481536639100, 24.94556728625771000 ) ) ;
#606 = CARTESIAN_POINT ( 'NONE',  ( 0.0000000000000000000, 0.0000000000000000000, 0.0000000000000000000 ) ) ;
#607 = ORIENTED_EDGE ( 'NONE', *, *, #23, .F. ) ;
#608 = EDGE_CURVE ( 'NONE', #343, #1010, #1345, .T. ) ;
#609 = CARTESIAN_POINT ( 'NONE',  ( 15.63349355239747700, -0.6588655613945838500, -24.99312727339970100 ) ) ;
#610 = FACE_OUTER_BOUND ( 'NONE', #459, .T. ) ;
#611 = EDGE_CURVE ( 'NONE', #875, #707, #1085, .T. ) ;
#612 = CARTESIAN_POINT ( 'NONE',  ( 14.72633503512341900, 1.986787236855550100, -24.92109717386377500 ) ) ;
#613 = CARTESIAN_POINT ( 'NONE',  ( 13.19999999999999900, -25.87952858921507400, -2.499999999999908500 ) ) ;
#614 = ORIENTED_EDGE ( 'NONE', *, *, #1044, .T. ) ;
#615 = VECTOR ( 'NONE', #663, 1000.000000000000000 ) ;
#616 = CARTESIAN_POINT ( 'NONE',  ( 13.52801772275002500, 2.483775543901344900, 24.87633190989611300 ) ) ;
#617 = CARTESIAN_POINT ( 'NONE',  ( 11.94616804575497300, -2.169003991399864400, -24.90589728951138300 ) ) ;
#618 = CC_DESIGN_DATE_AND_TIME_ASSIGNMENT ( #405, #1163, ( #480 ) ) ;
#619 = CARTESIAN_POINT ( 'NONE',  ( 11.67549655812820900, 1.988066470813648200, -24.92099187803978600 ) ) ;
#620 = CARTESIAN_POINT ( 'NONE',  ( 13.36406943188466200, -2.499940719059460500, -25.87953431583953500 ) ) ;
#621 = CARTESIAN_POINT ( 'NONE',  ( 11.94795270348791900, 24.90580252587596300, 2.170114166673010800 ) ) ;
#622 = EDGE_CURVE ( 'NONE', #455, #575, #332, .T. ) ;
#623 = CARTESIAN_POINT ( 'NONE',  ( 15.18538033717093900, -1.528152964861304600, -24.95362559291378400 ) ) ;
#624 = PRODUCT_DEFINITION_SHAPE ( 'NONE', 'NONE',  #1144 ) ;
#625 = CARTESIAN_POINT ( 'NONE',  ( 10.82761896223056100, -0.8053996675406293000, -25.98796429897895500 ) ) ;
#626 = ORIENTED_EDGE ( 'NONE', *, *, #758, .F. ) ;
#627 = APPROVAL_STATUS ( 'not_yet_approved' ) ;
#628 = CARTESIAN_POINT ( 'NONE',  ( 2.000000000000000400, 0.0000000000000000000, 0.0000000000000000000 ) ) ;
#629 = AXIS2_PLACEMENT_3D ( 'NONE', #994, #246, #485 ) ;
#630 = VECTOR ( 'NONE', #1260, 1000.000000000000000 ) ;
#631 = B_SPLINE_CURVE_WITH_KNOTS ( 'NONE', 3,
 ( #1363, #50, #1291, #124, #351, #551, #1083, #1198, #224, #646, #1187, #996, #883, #1276, #433, #990, #879, #134, #258, #1286, #896, #667, #784, #1105, #1297, #846, #372, #446, #239, #530, #523, #955, #149, #252 ),
 .UNSPECIFIED., .F., .F.,
 ( 4, 2, 2, 2, 2, 2, 2, 2, 2, 2, 2, 2, 2, 2, 2, 2, 4 ),
 ( 0.0000000000000000000, 0.0004887908341616685700, 0.0009775816683233371500, 0.001466372502485005700, 0.001955163336646674300, 0.002443954170808343100, 0.002932745004970011400, 0.003421535839131679800, 0.003910326673293348600, 0.004399117507455017400, 0.004887908341616686200, 0.005376699175778354100, 0.005865490009940022900, 0.006354280844101691700, 0.006843071678263359600, 0.007331862512425028400, 0.007820653346586697200 ),
 .UNSPECIFIED. ) ;
#632 = CARTESIAN_POINT ( 'NONE',  ( 15.08474219105991300, 24.94571509704180600, 1.650755887534871800 ) ) ;
#633 = CARTESIAN_POINT ( 'NONE',  ( 0.0000000000000000000, 0.0000000000000000000, 0.0000000000000000000 ) ) ;
#634 = EDGE_LOOP ( 'NONE', ( #590, #515, #944, #1212, #1077, #17, #154, #604 ) ) ;
#635 = CARTESIAN_POINT ( 'NONE',  ( 13.19999999999999900, 0.0000000000000000000, 31.60100000000000300 ) ) ;
#636 = CARTESIAN_POINT ( 'NONE',  ( 15.44761561876966400, 1.106676530159784500, 25.97687295015130000 ) ) ;
#637 = AXIS2_PLACEMENT_3D ( 'NONE', #221, #719, #178 ) ;
#638 = LINE ( 'NONE', #664, #1176 ) ;
#639 = CARTESIAN_POINT ( 'NONE',  ( 15.18538864898504700, 1.528140701113805100, -25.95541292767010700 ) ) ;
#640 = EDGE_CURVE ( 'NONE', #524, #422, #79, .T. ) ;
#641 = ORIENTED_EDGE ( 'NONE', *, *, #724, .F. ) ;
#642 = DIRECTION ( 'NONE',  ( 0.0000000000000000000, 0.0000000000000000000, 1.000000000000000000 ) ) ;
#643 = CARTESIAN_POINT ( 'NONE',  ( 14.85133365221806300, -24.92916668095757200, -1.884235997969745600 ) ) ;
#644 = LINE ( 'NONE', #330, #82 ) ;
#645 = MANIFOLD_SOLID_BREP ( '阵列(圆周)1', #786 ) ;
#646 = CARTESIAN_POINT ( 'NONE',  ( 11.31665954227930900, 25.94771191801155700, -1.652149289433243200 ) ) ;
#647 = LOCAL_TIME ( 8, 38, 1.000000000000000000, #934 ) ;
#648 = DIRECTION ( 'NONE',  ( 0.0000000000000000000, 2.775557561562892900E-015, 1.000000000000000000 ) ) ;
#649 = DIRECTION ( 'NONE',  ( 0.0000000000000000000, 0.0000000000000000000, 1.000000000000000000 ) ) ;
#650 = CARTESIAN_POINT ( 'NONE',  ( 12.55097879298198800, 2.419776570755972900, -25.88717263699443200 ) ) ;
#651 = ORIENTED_EDGE ( 'NONE', *, *, #1273, .T. ) ;
#652 = EDGE_CURVE ( 'NONE', #32, #302, #248, .T. ) ;
#653 = CARTESIAN_POINT ( 'NONE',  ( 13.03593056811533700, -2.499940719059460500, 25.87953431583953200 ) ) ;
#654 = DIRECTION ( 'NONE',  ( -0.0000000000000000000, 1.000000000000000000, -3.491481338843133400E-015 ) ) ;
#655 = CARTESIAN_POINT ( 'NONE',  ( 13.19999999999999900, 25.87952858921504200, -2.500000000000270000 ) ) ;
#656 = AXIS2_PLACEMENT_3D ( 'NONE', #628, #1356, #741 ) ;
#657 = CARTESIAN_POINT ( 'NONE',  ( 10.77980312535499300, -0.6474608256723132200, 25.99242873427179400 ) ) ;
#658 = VERTEX_POINT ( 'NONE', #136 ) ;
#659 = DIRECTION ( 'NONE',  ( 1.000000000000000000, 0.0000000000000000000, 0.0000000000000000000 ) ) ;
#660 = DIRECTION ( 'NONE',  ( 0.0000000000000000000, 0.0000000000000000000, 1.000000000000000000 ) ) ;
#661 = CIRCLE ( 'NONE', #803, 26.15470053837922700 ) ;
#662 = FACE_OUTER_BOUND ( 'NONE', #634, .T. ) ;
#663 = DIRECTION ( 'NONE',  ( -0.0000000000000000000, -1.000000000000000000, 1.047444401652940000E-014 ) ) ;
#664 = CARTESIAN_POINT ( 'NONE',  ( 13.19999999999999900, -31.60100000000010900, 2.500000000000108800 ) ) ;
#665 = CARTESIAN_POINT ( 'NONE',  ( 15.18960276977302600, -25.95573866151633500, 1.522544271033860400 ) ) ;
#666 = CARTESIAN_POINT ( 'NONE',  ( 12.54113498273145300, 24.88159674818361500, -2.433493504319293300 ) ) ;
#667 = CARTESIAN_POINT ( 'NONE',  ( 10.95267414169189600, 25.97684696628895300, 1.107418333847250700 ) ) ;
#668 = VERTEX_POINT ( 'NONE', #61 ) ;
#669 = ORIENTED_EDGE ( 'NONE', *, *, #770, .T. ) ;
#670 = VERTEX_POINT ( 'NONE', #1305 ) ;
#671 = CARTESIAN_POINT ( 'NONE',  ( 13.36529204498392600, -24.87468592766548200, 2.500000000000085300 ) ) ;
#672 = CARTESIAN_POINT ( 'NONE',  ( 10.70000000000000100, 0.0000000000000000000, 26.00000000000000000 ) ) ;
#673 = DIRECTION ( 'NONE',  ( -0.0000000000000000000, 1.000000000000000000, -3.491481338843133400E-015 ) ) ;
#674 = LINE ( 'NONE', #1091, #1199 ) ;
#675 = CARTESIAN_POINT ( 'NONE',  ( 15.18678438345541600, -24.95373759919984400, 1.526338832659990000 ) ) ;
#676 = FACE_OUTER_BOUND ( 'NONE', #436, .T. ) ;
#677 = ORIENTED_EDGE ( 'NONE', *, *, #444, .F. ) ;
#678 = CALENDAR_DATE ( 2025, 10, 3 ) ;
#679 = CARTESIAN_POINT ( 'NONE',  ( 10.76649674629218000, 0.6588314393874246100, 25.99339240397653200 ) ) ;
#680 = EDGE_CURVE ( 'NONE', #859, #668, #499, .T. ) ;
#681 = CARTESIAN_POINT ( 'NONE',  ( 14.72512025378389400, -24.92102988783451100, -1.987591302627888900 ) ) ;
#682 = ORIENTED_EDGE ( 'NONE', *, *, #860, .F. ) ;
#683 = CARTESIAN_POINT ( 'NONE',  ( 15.08333571771442100, 24.94561569634477700, -1.652153805416487900 ) ) ;
#684 = DIRECTION ( 'NONE',  ( -1.000000000000000000, 0.0000000000000000000, -0.0000000000000000000 ) ) ;
#685 = CARTESIAN_POINT ( 'NONE',  ( 12.87457919480978900, -24.87629177672597100, -2.484178400536839200 ) ) ;
#686 = APPROVAL ( #526, '未指定' ) ;
#687 = ORIENTED_EDGE ( 'NONE', *, *, #1111, .T. ) ;
#688 = ORIENTED_EDGE ( 'NONE', *, *, #1207, .F. ) ;
#689 = EDGE_CURVE ( 'NONE', #359, #713, #787, .T. ) ;
#690 = CARTESIAN_POINT ( 'NONE',  ( 0.0000000000000000000, 0.0000000000000000000, 0.0000000000000000000 ) ) ;
#691 = CARTESIAN_POINT ( 'NONE',  ( 10.71593710355445800, -25.99845277916617200, 0.3263589687208763300 ) ) ;
#692 = CARTESIAN_POINT ( 'NONE',  ( 10.71599296018255000, -24.99838591452714500, 0.3259662189839464000 ) ) ;
#693 = ORIENTED_EDGE ( 'NONE', *, *, #470, .F. ) ;
#694 = DIRECTION ( 'NONE',  ( -0.0000000000000000000, -0.0000000000000000000, -1.000000000000000000 ) ) ;
#695 = CARTESIAN_POINT ( 'NONE',  ( 13.52540763375148600, 25.88107200406173900, 2.484179086091637100 ) ) ;
#696 = CARTESIAN_POINT ( 'NONE',  ( 12.08963203491135900, -2.245863995402893400, -24.89899750494196700 ) ) ;
#697 = VECTOR ( 'NONE', #1254, 1000.000000000000000 ) ;
#698 = CARTESIAN_POINT ( 'NONE',  ( 12.09177624189703300, -25.90280419968228600, -2.246931311485889100 ) ) ;
#699 = DIRECTION ( 'NONE',  ( -0.0000000000000000000, 1.000000000000000000, -3.491481338843133400E-015 ) ) ;
#700 = ORIENTED_EDGE ( 'NONE', *, *, #262, .F. ) ;
#701 = CARTESIAN_POINT ( 'NONE',  ( 13.36226476613383300, 2.500059064463612000, 24.87467999146394600 ) ) ;
#702 = CARTESIAN_POINT ( 'NONE',  ( 15.44587637399998500, -25.97672120545567900, -1.110341509175456000 ) ) ;
#703 = VECTOR ( 'NONE', #383, 1000.000000000000000 ) ;
#704 = AXIS2_PLACEMENT_3D ( 'NONE', #358, #886, #350 ) ;
#705 = ADVANCED_FACE ( 'NONE', ( #1330, #1298 ), #1118, .F. ) ;
#706 = CARTESIAN_POINT ( 'NONE',  ( 12.55198907554807000, -24.88260259736835400, -2.420149348270758800 ) ) ;
#707 = VERTEX_POINT ( 'NONE', #374 ) ;
#708 = CARTESIAN_POINT ( 'NONE',  ( 13.84904390169095800, -2.419770561643903600, 24.88263927071750500 ) ) ;
#709 = ORIENTED_EDGE ( 'NONE', *, *, #622, .T. ) ;
#710 = CARTESIAN_POINT ( 'NONE',  ( 15.69999999999999600, 0.1632133729155534600, 24.99999999999999300 ) ) ;
#711 = ADVANCED_FACE ( 'NONE', ( #1037 ), #472, .T. ) ;
#712 = CARTESIAN_POINT ( 'NONE',  ( 87.70000000000000300, 0.0000000000000000000, 0.0000000000000000000 ) ) ;
#713 = VERTEX_POINT ( 'NONE', #903 ) ;
#714 = CARTESIAN_POINT ( 'NONE',  ( 11.03172358506043000, -1.255214705003173700, 24.96884293994578000 ) ) ;
#715 = LINE ( 'NONE', #788, #141 ) ;
#716 = CARTESIAN_POINT ( 'NONE',  ( 13.52540763375148300, -25.88107200406171400, -2.484179086091817800 ) ) ;
#717 = CARTESIAN_POINT ( 'NONE',  ( 14.85287788165174300, 24.92927584860334300, -1.882700276389644300 ) ) ;
#718 = FACE_OUTER_BOUND ( 'NONE', #494, .T. ) ;
#719 = DIRECTION ( 'NONE',  ( -1.000000000000000000, -0.0000000000000000000, -0.0000000000000000000 ) ) ;
#720 = CARTESIAN_POINT ( 'NONE',  ( 13.19999999999999900, -31.60100000000011600, 1.103343017887822600E-013 ) ) ;
#721 = PERSON_AND_ORGANIZATION ( #855, #1134 ) ;
#722 = AXIS2_PLACEMENT_3D ( 'NONE', #291, #1223, #1039 ) ;
#723 = CARTESIAN_POINT ( 'NONE',  ( 15.69999999999999900, 0.1652919547268418000, -24.99999999999998600 ) ) ;
#724 = EDGE_CURVE ( 'NONE', #329, #964, #752, .T. ) ;
#725 = CARTESIAN_POINT ( 'NONE',  ( 15.44713043980757300, 24.97590321944127500, -1.107662205342202300 ) ) ;
#726 = CARTESIAN_POINT ( 'NONE',  ( 14.30765995523902800, 2.247131495942873000, -24.89888190765472600 ) ) ;
#727 = CARTESIAN_POINT ( 'NONE',  ( 15.44653002507590500, -1.109033567399924300, -25.97677785900288700 ) ) ;
#728 = CARTESIAN_POINT ( 'NONE',  ( 15.57181892891836800, 24.98743026893648200, -0.8068368751350534200 ) ) ;
#729 = VERTEX_POINT ( 'NONE', #478 ) ;
#730 = CARTESIAN_POINT ( 'NONE',  ( 11.31576698070013300, 1.651337078997086500, -24.94567646296264100 ) ) ;
#731 = CARTESIAN_POINT ( 'NONE',  ( 12.87199937550330000, -2.483777593018365400, -25.88111045210169100 ) ) ;
#732 = CARTESIAN_POINT ( 'NONE',  ( 12.39416768373924400, 24.88728126137626600, 2.372160070443766900 ) ) ;
#733 = AXIS2_PLACEMENT_3D ( 'NONE', #322, #1066, #430 ) ;
#734 = B_SPLINE_CURVE_WITH_KNOTS ( 'NONE', 3,
 ( #969, #856, #106, #754, #10, #636, #1265, #537, #1171, #437, #1072, #325, #963, #211, #854, #232, #986, #769, #122, #872, #566, #876, #241, #33, #147, #898, #46, #795, #1302, #679, #1200, #578 ),
 .UNSPECIFIED., .F., .F.,
 ( 4, 2, 2, 2, 2, 2, 2, 2, 2, 2, 2, 2, 2, 2, 2, 4 ),
 ( 0.007820654687069047300, 0.008309331292102411400, 0.008798007897135772000, 0.009286684502169136000, 0.009775361107202496700, 0.01026403771223586100, 0.01075271431726922300, 0.01124139092230258500, 0.01173006752733594900, 0.01221874413236931200, 0.01270742073740267400, 0.01319609734243603700, 0.01368477394746939900, 0.01417345055250276100, 0.01466212715753612400, 0.01563948036760285200 ),
 .UNSPECIFIED. ) ;
#735 = CARTESIAN_POINT ( 'NONE',  ( 0.0000000000000000000, 0.0000000000000000000, 26.15470053837922700 ) ) ;
#736 =( NAMED_UNIT ( * ) SI_UNIT ( $, .STERADIAN. ) SOLID_ANGLE_UNIT ( ) );
#737 = CARTESIAN_POINT ( 'NONE',  ( 10.71635819202592400, -0.3289901170344402000, -25.99841269522130500 ) ) ;
#738 = CIRCLE ( 'NONE', #585, 24.10000000000000500 ) ;
#739 = CYLINDRICAL_SURFACE ( 'NONE', #576, 2.499999999999998700 ) ;
#740 = PERSON_AND_ORGANIZATION_ROLE ( 'creator' ) ;
#741 = DIRECTION ( 'NONE',  ( 0.0000000000000000000, 0.0000000000000000000, 1.000000000000000000 ) ) ;
#742 = DIRECTION ( 'NONE',  ( -1.000000000000000000, -0.0000000000000000000, -0.0000000000000000000 ) ) ;
#743 = DIRECTION ( 'NONE',  ( -0.7071067811865501300, 8.659560562354900800E-017, -0.7071067811865449100 ) ) ;
#744 = B_SPLINE_CURVE_WITH_KNOTS ( 'NONE', 3,
 ( #117, #749, #543, #450, #102, #19, #440, #1173, #605, #1270, #8, #434, #1068, #215, #966, #961, #72, #701, #616, #175, #390, #80, #1034, #277, #1336, #1143, #819, #304, #1026, #166, #86, #1245, #710, #379 ),
 .UNSPECIFIED., .F., .F.,
 ( 4, 2, 2, 2, 2, 2, 2, 2, 2, 2, 2, 2, 2, 2, 2, 2, 4 ),
 ( 0.0000000000000000000, 0.0004888140276038950400, 0.0009776280552077900800, 0.001466442082811684700, 0.001955256110415579300, 0.002444070138019473900, 0.002932884165623368500, 0.003421698193227263100, 0.003910512220831157700, 0.004399326248435053200, 0.004888140276038947800, 0.005376954303642843300, 0.005865768331246737900, 0.006354582358850632500, 0.006843396386454528000, 0.007332210414058420000, 0.007821024441662312000 ),
 .UNSPECIFIED. ) ;
#745 = CARTESIAN_POINT ( 'NONE',  ( 13.19999999999999900, -25.87952858921505900, 2.500000000000088800 ) ) ;
#746 = EDGE_LOOP ( 'NONE', ( #1307, #1228 ) ) ;
#747 = ORIENTED_EDGE ( 'NONE', *, *, #444, .T. ) ;
#748 = CARTESIAN_POINT ( 'NONE',  ( 12.87052319885731900, -2.483544361357263000, -24.87635491893500700 ) ) ;
#749 = CARTESIAN_POINT ( 'NONE',  ( 10.69999999999999900, 0.1652919547268419100, 24.99999999999999600 ) ) ;
#750 = DIRECTION ( 'NONE',  ( 0.0000000000000000000, 0.0000000000000000000, 1.000000000000000000 ) ) ;
#751 = FACE_OUTER_BOUND ( 'NONE', #12, .T. ) ;
#752 = LINE ( 'NONE', #1006, #1000 ) ;
#753 = DIRECTION ( 'NONE',  ( -0.0000000000000000000, -0.0000000000000000000, -1.000000000000000000 ) ) ;
#754 = CARTESIAN_POINT ( 'NONE',  ( 15.62015964342217200, 0.6479685823347185500, 25.99242499642472400 ) ) ;
#755 = COORDINATED_UNIVERSAL_TIME_OFFSET ( 8, 0, .AHEAD. ) ;
#756 = ORIENTED_EDGE ( 'NONE', *, *, #504, .F. ) ;
#757 = CARTESIAN_POINT ( 'NONE',  ( 14.85119851548643100, 1.884173763977143600, -25.93189572796667600 ) ) ;
#758 = EDGE_CURVE ( 'NONE', #547, #359, #181, .T. ) ;
#759 = CARTESIAN_POINT ( 'NONE',  ( 11.31729443106085100, -1.652872753585983500, 25.94766564700309900 ) ) ;
#760 = CARTESIAN_POINT ( 'NONE',  ( 11.94740122424649400, -25.90946932822460300, 2.169719746887167000 ) ) ;
#761 = DIRECTION ( 'NONE',  ( -1.000000000000000000, -0.0000000000000000000, -0.0000000000000000000 ) ) ;
#762 = EDGE_CURVE ( 'NONE', #1135, #302, #204, .T. ) ;
#763 = CARTESIAN_POINT ( 'NONE',  ( 12.08966041134064500, 2.245877276757009900, -25.90289585843741100 ) ) ;
#764 = DIRECTION ( 'NONE',  ( 1.000000000000000000, 0.0000000000000000000, 0.0000000000000000000 ) ) ;
#765 = CARTESIAN_POINT ( 'NONE',  ( 13.52800062449669800, -2.483777593018365400, 25.88111045210169100 ) ) ;
#766 = EDGE_LOOP ( 'NONE', ( #354, #188 ) ) ;
#767 = CC_DESIGN_APPROVAL ( #686, ( #480 ) ) ;
#768 = CARTESIAN_POINT ( 'NONE',  ( 15.69999999999999900, 0.0000000000000000000, -24.99999999999999300 ) ) ;
#769 = CARTESIAN_POINT ( 'NONE',  ( 13.03680480471995500, 2.500126756271811700, 25.87951634437904900 ) ) ;
#770 = EDGE_CURVE ( 'NONE', #432, #668, #525, .T. ) ;
#771 = EDGE_LOOP ( 'NONE', ( #467, #318, #890, #508, #965, #431, #334, #129 ) ) ;
#772 = CARTESIAN_POINT ( 'NONE',  ( 11.03028164725345500, -1.252601239856123300, 25.97016555132622900 ) ) ;
#773 = CIRCLE ( 'NONE', #214, 23.10000000000000100 ) ;
#774 = CARTESIAN_POINT ( 'NONE',  ( 13.19999999999999900, 24.87468592766546700, -2.500000000000259300 ) ) ;
#775 = CARTESIAN_POINT ( 'NONE',  ( 15.36862959435028500, -1.254415432563059000, 25.97007534943615100 ) ) ;
#776 = CARTESIAN_POINT ( 'NONE',  ( 87.70000000000000300, 0.0000000000000000000, 25.00000000000000000 ) ) ;
#777 = AXIS2_PLACEMENT_3D ( 'NONE', #38, #1283, #466 ) ;
#778 = ORIENTED_EDGE ( 'NONE', *, *, #513, .T. ) ;
#779 = CARTESIAN_POINT ( 'NONE',  ( 10.70000000000000500, -0.1631750940176172900, -25.00000000000000000 ) ) ;
#780 = CARTESIAN_POINT ( 'NONE',  ( 10.69987431932409400, -25.00001256806392600, 0.1632370391822412500 ) ) ;
#781 = CARTESIAN_POINT ( 'NONE',  ( 14.72813733305785200, -25.92424804639599500, 1.985391186045965900 ) ) ;
#782 = CARTESIAN_POINT ( 'NONE',  ( 11.67185097685283800, 24.92120931782687200, -1.985383306183679900 ) ) ;
#783 = DIRECTION ( 'NONE',  ( -1.000000000000000000, 0.0000000000000000000, 0.0000000000000000000 ) ) ;
#784 = CARTESIAN_POINT ( 'NONE',  ( 11.03095152273859700, 25.97011043160229300, 1.253694461261425800 ) ) ;
#785 = TOROIDAL_SURFACE ( 'NONE', #491, 24.10000000000000500, 1.000000000000000000 ) ;
#786 = CLOSED_SHELL ( 'NONE', ( #922, #598, #1035, #1222, #279, #1138, #1333, #807, #1325, #285, #392, #602, #815, #1027, #73, #705, #1227, #397, #69, #500, #1129, #711, #382, #495, #926, #167, #176 ) ) ;
#787 = CIRCLE ( 'NONE', #37, 31.60000000000000100 ) ;
#788 = CARTESIAN_POINT ( 'NONE',  ( 15.69999999999999900, 0.0000000000000000000, -31.60100000000000300 ) ) ;
#789 = LOCAL_TIME ( 8, 38, 1.000000000000000000, #1073 ) ;
#790 = DIRECTION ( 'NONE',  ( 0.0000000000000000000, 0.0000000000000000000, 1.000000000000000000 ) ) ;
#791 = CARTESIAN_POINT ( 'NONE',  ( 15.44713043980757500, -24.97590321944128200, 1.107662205342028200 ) ) ;
#792 = AXIS2_PLACEMENT_3D ( 'NONE', #398, #502, #1321 ) ;
#793 = ORIENTED_EDGE ( 'NONE', *, *, #611, .T. ) ;
#794 = EDGE_CURVE ( 'NONE', #547, #658, #144, .T. ) ;
#795 = CARTESIAN_POINT ( 'NONE',  ( 11.03173057551068400, 1.255224996860732700, 25.97004205725361500 ) ) ;
#796 = ORIENTED_EDGE ( 'NONE', *, *, #217, .F. ) ;
#797 = CARTESIAN_POINT ( 'NONE',  ( 14.30823541566054200, -24.89890150621399900, -2.246924978753037600 ) ) ;
#798 = DIRECTION ( 'NONE',  ( 0.0000000000000000000, 0.0000000000000000000, 1.000000000000000000 ) ) ;
#799 = DIRECTION ( 'NONE',  ( -1.000000000000000000, -0.0000000000000000000, -0.0000000000000000000 ) ) ;
#800 = CARTESIAN_POINT ( 'NONE',  ( 3.200000000000000600, 0.0000000000000000000, 0.0000000000000000000 ) ) ;
#801 = ORIENTED_EDGE ( 'NONE', *, *, #557, .T. ) ;
#802 = CARTESIAN_POINT ( 'NONE',  ( 10.69999999999999900, 0.1631713377424366700, -26.00000000000000400 ) ) ;
#803 = AXIS2_PLACEMENT_3D ( 'NONE', #633, #3, #750 ) ;
#804 = CARTESIAN_POINT ( 'NONE',  ( 10.69994107873877100, -26.00000566550551500, -0.1622585466815578700 ) ) ;
#805 = CARTESIAN_POINT ( 'NONE',  ( 2.000000000000000400, 0.0000000000000000000, 0.0000000000000000000 ) ) ;
#806 = CARTESIAN_POINT ( 'NONE',  ( 12.55046057528940700, -25.88718259489927600, -2.419671368010825900 ) ) ;
#807 = ADVANCED_FACE ( 'NONE', ( #718 ), #111, .F. ) ;
#808 = ORIENTED_EDGE ( 'NONE', *, *, #119, .F. ) ;
#809 = DIRECTION ( 'NONE',  ( -1.000000000000000000, -0.0000000000000000000, -0.0000000000000000000 ) ) ;
#810 = CARTESIAN_POINT ( 'NONE',  ( 15.62014909220929000, -0.6480119923854228400, 24.99212088949389700 ) ) ;
#811 = DIRECTION ( 'NONE',  ( -0.0000000000000000000, -0.0000000000000000000, 1.000000000000000000 ) ) ;
#812 = ORIENTED_EDGE ( 'NONE', *, *, #827, .T. ) ;
#813 = CARTESIAN_POINT ( 'NONE',  ( 14.72432009850359300, 24.92097819325632100, -1.988249198090973800 ) ) ;
#814 = VECTOR ( 'NONE', #20, 1000.000000000000000 ) ;
#815 = ADVANCED_FACE ( 'NONE', ( #676 ), #932, .F. ) ;
#816 = AXIS2_PLACEMENT_3D ( 'NONE', #895, #272, #593 ) ;
#817 = CARTESIAN_POINT ( 'NONE',  ( 13.36706495178059800, -2.499872792855074800, 24.87469871246082000 ) ) ;
#818 = CONICAL_SURFACE ( 'NONE', #1192, 26.15470053837922700, 0.5235987755982926000 ) ;
#819 = CARTESIAN_POINT ( 'NONE',  ( 15.18758834612092900, 1.525124164792371500, 24.95380474534675500 ) ) ;
#820 = CARTESIAN_POINT ( 'NONE',  ( 15.44742762582653300, -25.97685576524278500, 1.107219055914893800 ) ) ;
#821 = CALENDAR_DATE ( 2025, 10, 3 ) ;
#822 = CARTESIAN_POINT ( 'NONE',  ( 12.55095609830903700, -2.419770561643901400, -24.88263927071750500 ) ) ;
#823 = CARTESIAN_POINT ( 'NONE',  ( 13.03471638243057600, -25.87952858921506700, 2.500000000000089700 ) ) ;
#824 = CARTESIAN_POINT ( 'NONE',  ( 10.76650644760252900, -0.6588655613945839700, 24.99312727339970100 ) ) ;
#825 = CARTESIAN_POINT ( 'NONE',  ( 15.68377543305166100, 24.99836254397853400, 0.3280185998174634000 ) ) ;
#826 =( LENGTH_UNIT ( ) NAMED_UNIT ( * ) SI_UNIT ( .MILLI., .METRE. ) );
#827 = EDGE_CURVE ( 'NONE', #575, #32, #441, .T. ) ;
#828 = CARTESIAN_POINT ( 'NONE',  ( 15.44730838150631100, 24.97591843644068600, 1.107454712924977900 ) ) ;
#829 = CARTESIAN_POINT ( 'NONE',  ( 13.84916515999327300, 2.419847904056439800, -24.88263203448059400 ) ) ;
#830 = CARTESIAN_POINT ( 'NONE',  ( 15.18826037423604400, -1.524305835643562600, -25.95563523300487000 ) ) ;
#831 = VECTOR ( 'NONE', #348, 1000.000000000000000 ) ;
#832 = ORIENTED_EDGE ( 'NONE', *, *, #413, .T. ) ;
#833 = CYLINDRICAL_SURFACE ( 'NONE', #75, 2.499999999999998700 ) ;
#834 = CC_DESIGN_SECURITY_CLASSIFICATION ( #480, ( #116 ) ) ;
#835 = CARTESIAN_POINT ( 'NONE',  ( 11.03138181747519300, 1.254434665533508400, -24.96887599906795100 ) ) ;
#836 = CARTESIAN_POINT ( 'NONE',  ( 12.39538734705462800, -2.372645611185331600, -25.89159149690306400 ) ) ;
#837 = EDGE_CURVE ( 'NONE', #570, #859, #631, .T. ) ;
#838 = B_SPLINE_CURVE_WITH_KNOTS ( 'NONE', 3,
 ( #1294, #671, #572, #251, #362, #999, #473, #1104, #574, #1196, #675, #145, #791, #1301, #1003, #256, #1109, #367, #1204, #1304, #579, #454, #979, #1274, #335, #643, #681, #148, #797, #1323, #596, #1317, #64, #1218 ),
 .UNSPECIFIED., .F., .F.,
 ( 4, 2, 2, 2, 2, 2, 2, 2, 2, 2, 2, 2, 2, 2, 2, 2, 4 ),
 ( 0.0000000000000000000, 0.0004888139295268113700, 0.0009776278590536227300, 0.001466441788580434200, 0.001955255718107245500, 0.002444069647634056300, 0.002932883577160867100, 0.003421697506687678400, 0.003910511436214490100, 0.004399325365741302600, 0.004888139295268113500, 0.005376953224794925100, 0.005865767154321736800, 0.006354581083848547700, 0.006843395013375359400, 0.007332208942902170200, 0.007821022872428981900 ),
 .UNSPECIFIED. ) ;
#839 = APPLICATION_PROTOCOL_DEFINITION ( 'international standard', 'config_control_design', 1994, #945 ) ;
#840 = CARTESIAN_POINT ( 'NONE',  ( 0.0000000000000000000, 3.061616997868382300E-015, -24.99999999999999300 ) ) ;
#841 = CARTESIAN_POINT ( 'NONE',  ( 10.82847197230589000, 24.98740144503741700, 0.8078843750688834400 ) ) ;
#842 = VERTEX_POINT ( 'NONE', #100 ) ;
#843 = APPROVAL_STATUS ( 'not_yet_approved' ) ;
#844 = DIRECTION ( 'NONE',  ( -0.0000000000000000000, -0.0000000000000000000, -1.000000000000000000 ) ) ;
#845 = AXIS2_PLACEMENT_3D ( 'NONE', #1272, #103, #27 ) ;
#846 = CARTESIAN_POINT ( 'NONE',  ( 11.54865041730394800, 25.93189926703656300, 1.884221732672387400 ) ) ;
#847 = B_SPLINE_CURVE_WITH_KNOTS ( 'NONE', 3,
 ( #848, #1354, #1154, #957, #732, #90, #621, #1348, #1243, #512, #301, #1152, #411, #841, #91, #1057, #313, #1161, #521, #948, #201, #1197, #59, #107, #11, #546, #782, #40, #569, #666, #1002, #365 ),
 .UNSPECIFIED., .F., .F.,
 ( 4, 2, 2, 2, 2, 2, 2, 2, 2, 2, 2, 2, 2, 2, 2, 4 ),
 ( 0.007821022872428983600, 0.008309722127160757900, 0.008798421381892533900, 0.009287120636624308200, 0.009775819891356084300, 0.01026451914608785900, 0.01075321840081963300, 0.01124191765555140900, 0.01173061691028318300, 0.01221931616501495700, 0.01270801541974673300, 0.01319671467447850800, 0.01368541392921028200, 0.01417411318394205800, 0.01466281243867383200, 0.01564021094813738300 ),
 .UNSPECIFIED. ) ;
#848 = CARTESIAN_POINT ( 'NONE',  ( 13.19999999999999900, 24.87468592766552100, 2.499999999999738000 ) ) ;
#849 = UNCERTAINTY_MEASURE_WITH_UNIT (LENGTH_MEASURE( 1.000000000000000100E-005 ), #826, 'distance_accuracy_value', 'NONE');
#850 = CIRCLE ( 'NONE', #1353, 23.10000000000000100 ) ;
#851 = DIRECTION ( 'NONE',  ( 0.0000000000000000000, 0.0000000000000000000, -1.000000000000000000 ) ) ;
#852 = PERSON_AND_ORGANIZATION ( #855, #1134 ) ;
#853 = DIRECTION ( 'NONE',  ( 0.0000000000000000000, -1.110223024625157200E-014, -1.000000000000000000 ) ) ;
#854 = CARTESIAN_POINT ( 'NONE',  ( 13.84902120701801200, 2.419776570755972400, 25.88717263699442800 ) ) ;
#855 = PERSON ( '未指定', '未指定', '未指定', ('未指定'), ('未指定'), ('未指定') ) ;
#856 = CARTESIAN_POINT ( 'NONE',  ( 15.70000000000001000, 0.1631713377424334800, 26.00000000000000700 ) ) ;
#857 = ORIENTED_EDGE ( 'NONE', *, *, #974, .F. ) ;
#858 = DIRECTION ( 'NONE',  ( 1.000000000000000000, 0.0000000000000000000, 0.0000000000000000000 ) ) ;
#859 = VERTEX_POINT ( 'NONE', #1009 ) ;
#860 = EDGE_CURVE ( 'NONE', #1010, #32, #970, .T. ) ;
#861 = CARTESIAN_POINT ( 'NONE',  ( 14.45082215146450400, 2.170738140403501300, -25.90938345600979200 ) ) ;
#862 = EDGE_CURVE ( 'NONE', #911, #1357, #404, .T. ) ;
#863 = DIRECTION ( 'NONE',  ( -0.0000000000000000000, -0.0000000000000000000, 1.000000000000000000 ) ) ;
#864 = CARTESIAN_POINT ( 'NONE',  ( 11.67367421466169800, -1.986794441811438700, 25.92414031942677600 ) ) ;
#865 = CIRCLE ( 'NONE', #1064, 23.10000000000000100 ) ;
#866 = ORIENTED_EDGE ( 'NONE', *, *, #482, .F. ) ;
#867 = FACE_BOUND ( 'NONE', #226, .T. ) ;
#868 = CARTESIAN_POINT ( 'NONE',  ( 0.0000000000000000000, 3.869883885305636000E-015, -31.60000000000000100 ) ) ;
#869 = CARTESIAN_POINT ( 'NONE',  ( 11.67463634150266000, 1.987446472044314100, -25.92408825136156000 ) ) ;
#870 = CARTESIAN_POINT ( 'NONE',  ( 14.00461265294537000, -2.372645611185332500, 25.89159149690306400 ) ) ;
#871 = DESIGN_CONTEXT ( 'detailed design', #520, 'design' ) ;
#872 = CARTESIAN_POINT ( 'NONE',  ( 12.55441841575962900, 2.420695468805331700, 25.88708644388456300 ) ) ;
#873 = AXIS2_PLACEMENT_3D ( 'NONE', #95, #1060, #199 ) ;
#874 = CARTESIAN_POINT ( 'NONE',  ( 15.68364180797407500, -0.3289901170344442000, 25.99841269522130500 ) ) ;
#875 = VERTEX_POINT ( 'NONE', #140 ) ;
#876 = CARTESIAN_POINT ( 'NONE',  ( 12.09278319011802000, 2.247428691871691300, 25.90276089533768900 ) ) ;
#877 = CARTESIAN_POINT ( 'NONE',  ( 10.70000000000000100, 0.0000000000000000000, 26.00000000000000000 ) ) ;
#878 = CARTESIAN_POINT ( 'NONE',  ( 95.00000000000000000, 2.951398785945121600E-015, -24.10000000000000500 ) ) ;
#879 = CARTESIAN_POINT ( 'NONE',  ( 10.70005924909157400, 25.99999430297233600, -0.1640691552260298300 ) ) ;
#880 = ORIENTED_EDGE ( 'NONE', *, *, #1147, .T. ) ;
#881 = FACE_BOUND ( 'NONE', #884, .T. ) ;
#882 = CARTESIAN_POINT ( 'NONE',  ( 14.30978904309724300, -25.90287757812011900, 2.246078207581114300 ) ) ;
#883 = CARTESIAN_POINT ( 'NONE',  ( 10.95285733770525400, 25.97683187395687200, -1.107637575567029600 ) ) ;
#884 = EDGE_LOOP ( 'NONE', ( #541, #1229 ) ) ;
#885 = DIRECTION ( 'NONE',  ( -1.000000000000000000, -0.0000000000000000000, -0.0000000000000000000 ) ) ;
#886 = DIRECTION ( 'NONE',  ( -1.000000000000000000, 0.0000000000000000000, -0.0000000000000000000 ) ) ;
#887 = AXIS2_PLACEMENT_3D ( 'NONE', #800, #1022, #790 ) ;
#888 = DIRECTION ( 'NONE',  ( 0.0000000000000000000, 0.0000000000000000000, -1.000000000000000000 ) ) ;
#889 = CARTESIAN_POINT ( 'NONE',  ( 11.21041732886685900, -24.95396347092921700, 1.522571203473898500 ) ) ;
#890 = ORIENTED_EDGE ( 'NONE', *, *, #513, .F. ) ;
#891 = FACE_OUTER_BOUND ( 'NONE', #24, .T. ) ;
#892 = DIRECTION ( 'NONE',  ( 0.0000000000000000000, 0.0000000000000000000, -1.000000000000000000 ) ) ;
#893 = ORIENTED_EDGE ( 'NONE', *, *, #482, .T. ) ;
#894 = CARTESIAN_POINT ( 'NONE',  ( 10.95258417656713800, -24.97592811623459900, 1.107241086066391300 ) ) ;
#895 = CARTESIAN_POINT ( 'NONE',  ( 87.70000000000000300, 0.0000000000000000000, 0.0000000000000000000 ) ) ;
#896 = CARTESIAN_POINT ( 'NONE',  ( 10.82735475299097400, 25.98798857673925500, 0.8046138275016907500 ) ) ;
#897 = FACE_OUTER_BOUND ( 'NONE', #1127, .T. ) ;
#898 = CARTESIAN_POINT ( 'NONE',  ( 11.31813129303728600, 1.653825105674379100, 25.94760469366753600 ) ) ;
#899 = EDGE_CURVE ( 'NONE', #92, #343, #1202, .T. ) ;
#900 = ORIENTED_EDGE ( 'NONE', *, *, #142, .F. ) ;
#901 = FACE_OUTER_BOUND ( 'NONE', #417, .T. ) ;
#902 = DIRECTION ( 'NONE',  ( -1.000000000000000000, -0.0000000000000000000, -0.0000000000000000000 ) ) ;
#903 = CARTESIAN_POINT ( 'NONE',  ( 0.0000000000000000000, 3.869883885305636000E-015, -31.60000000000000100 ) ) ;
#904 = CARTESIAN_POINT ( 'NONE',  ( 10.71645556244724800, -24.99833966437481100, -0.3294764385564478700 ) ) ;
#905 = PRODUCT_RELATED_PRODUCT_CATEGORY ( 'detail', '', ( #1167 ) ) ;
#906 = CARTESIAN_POINT ( 'NONE',  ( 14.85124357496274800, 25.93189873164754600, 1.884130677836338300 ) ) ;
#907 = EDGE_CURVE ( 'NONE', #524, #329, #644, .T. ) ;
#908 = CARTESIAN_POINT ( 'NONE',  ( 89.30710678118657600, 0.0000000000000000000, 0.0000000000000000000 ) ) ;
#909 = CARTESIAN_POINT ( 'NONE',  ( 10.78010413369534400, -25.99240052137865900, -0.6487214799175505800 ) ) ;
#910 = CARTESIAN_POINT ( 'NONE',  ( 11.54616993865879600, -24.92933929881274600, 1.881863036290889700 ) ) ;
#911 = VERTEX_POINT ( 'NONE', #1008 ) ;
#912 = CARTESIAN_POINT ( 'NONE',  ( 13.84796767221661400, 25.88713696134746200, 2.420159861587875200 ) ) ;
#913 = CARTESIAN_POINT ( 'NONE',  ( 14.00542598023954900, 24.88726223370636200, 2.372371511172510800 ) ) ;
#914 = CARTESIAN_POINT ( 'NONE',  ( 13.03679048333764900, -25.87952858921506700, -2.499999999999908100 ) ) ;
#915 = CARTESIAN_POINT ( 'NONE',  ( 15.69999999999999900, 1.796512382505071200E-023, 26.00000000000000000 ) ) ;
#916 = CIRCLE ( 'NONE', #1017, 31.60000000000000100 ) ;
#917 = CARTESIAN_POINT ( 'NONE',  ( 14.85133365221806300, 24.92916668095758900, 1.884235997969572000 ) ) ;
#918 = ORIENTED_EDGE ( 'NONE', *, *, #9, .T. ) ;
#919 = AXIS2_PLACEMENT_3D ( 'NONE', #563, #885, #36 ) ;
#920 = CARTESIAN_POINT ( 'NONE',  ( 15.44760251019550900, -1.106703319666881200, 24.97594585958022500 ) ) ;
#921 = DIRECTION ( 'NONE',  ( 0.0000000000000000000, 0.0000000000000000000, 1.000000000000000000 ) ) ;
#922 = ADVANCED_FACE ( 'NONE', ( #369 ), #336, .F. ) ;
#923 = CARTESIAN_POINT ( 'NONE',  ( 12.87403429960539800, -2.484007091859756300, 24.87630842367762800 ) ) ;
#924 = VERTEX_POINT ( 'NONE', #672 ) ;
#925 = CARTESIAN_POINT ( 'NONE',  ( 13.19999999999999900, -25.87952858921505900, 2.500000000000088800 ) ) ;
#926 = ADVANCED_FACE ( 'NONE', ( #901 ), #1149, .F. ) ;
#927 = CARTESIAN_POINT ( 'NONE',  ( 10.70000000000000100, 0.0000000000000000000, 24.99999999999999300 ) ) ;
#928 = CARTESIAN_POINT ( 'NONE',  ( 14.72256774340188900, -1.989585286700239700, -24.92087098724765300 ) ) ;
#929 = VECTOR ( 'NONE', #1189, 1000.000000000000000 ) ;
#930 = CARTESIAN_POINT ( 'NONE',  ( 15.62019035479159300, 0.6474866336855769100, -24.99212517028517400 ) ) ;
#931 = EDGE_LOOP ( 'NONE', ( #1170, #137 ) ) ;
#932 = CONICAL_SURFACE ( 'NONE', #465, 26.15470053837922700, 0.5235987755982926000 ) ;
#933 = EDGE_CURVE ( 'NONE', #483, #964, #744, .T. ) ;
#934 = COORDINATED_UNIVERSAL_TIME_OFFSET ( 8, 0, .AHEAD. ) ;
#935 = CARTESIAN_POINT ( 'NONE',  ( 13.36407969376737600, 2.499940606140143000, -24.87469189697261400 ) ) ;
#936 = CARTESIAN_POINT ( 'NONE',  ( 14.85214602032222300, -1.883343337364394200, -25.93195632307398300 ) ) ;
#937 = CARTESIAN_POINT ( 'NONE',  ( 14.30723845838410000, -2.247417070759888200, -24.89885693081945900 ) ) ;
#938 = CARTESIAN_POINT ( 'NONE',  ( 10.82762890801418400, 0.8054273576766400900, -24.98748174524254400 ) ) ;
#939 = CARTESIAN_POINT ( 'NONE',  ( 11.94630828605224900, -2.169050027564012800, -25.90952455190209800 ) ) ;
#940 = CARTESIAN_POINT ( 'NONE',  ( 15.37073664361156800, 25.97025120901534100, -1.250824793018148600 ) ) ;
#941 = AXIS2_PLACEMENT_3D ( 'NONE', #427, #527, #317 ) ;
#942 = CARTESIAN_POINT ( 'NONE',  ( 14.72512025378389400, 24.92102988783452500, 1.987591302627716500 ) ) ;
#943 = B_SPLINE_CURVE_WITH_KNOTS ( 'NONE', 3,
 ( #877, #461, #28, #657, #1279, #131, #772, #16, #759, #115, #864, #222, #976, #1082, #1183, #549, #653, #26, #765, #120, #870, #230, #342, #1088, #1186, #558, #449, #775, #30, #58, #123, #874, #233, #983 ),
 .UNSPECIFIED., .F., .F.,
 ( 4, 2, 2, 2, 2, 2, 2, 2, 2, 2, 2, 2, 2, 2, 2, 2, 4 ),
 ( 0.0000000000000000000, 0.0004887909179418154600, 0.0009775818358836309100, 0.001466372753825446400, 0.001955163671767261800, 0.002443954589709077500, 0.002932745507650892700, 0.003421536425592708000, 0.003910327343534523600, 0.004399118261476339300, 0.004887909179418155000, 0.005376700097359969800, 0.005865491015301785500, 0.006354281933243601100, 0.006843072851185415900, 0.007331863769127231600, 0.007820654687069047300 ),
 .UNSPECIFIED. ) ;
#944 = ORIENTED_EDGE ( 'NONE', *, *, #762, .F. ) ;
#945 = APPLICATION_CONTEXT ( 'configuration controlled 3d designs of mechanical parts and assemblies' ) ;
#946 = CARTESIAN_POINT ( 'NONE',  ( 10.70000000000000100, 0.0000000000000000000, 31.60100000000000300 ) ) ;
#947 = CARTESIAN_POINT ( 'NONE',  ( 15.69987180591125200, 25.99998767364894900, 0.1670553337773372500 ) ) ;
#948 = CARTESIAN_POINT ( 'NONE',  ( 10.77931089864283900, 24.99217363662462400, -0.6456076396328487300 ) ) ;
#949 = CARTESIAN_POINT ( 'NONE',  ( 15.57263662513088300, 24.98750710529286700, 0.8046405084607348700 ) ) ;
#950 = CIRCLE ( 'NONE', #1158, 23.10000000000000100 ) ;
#951 = PERSON_AND_ORGANIZATION_ROLE ( 'creator' ) ;
#952 = CYLINDRICAL_SURFACE ( 'NONE', #722, 23.10000000000000100 ) ;
#953 = DIRECTION ( 'NONE',  ( -1.000000000000000000, -0.0000000000000000000, -0.0000000000000000000 ) ) ;
#954 = CARTESIAN_POINT ( 'NONE',  ( 15.36953988491358000, 24.96895294752280800, -1.253043936259920600 ) ) ;
#955 = CARTESIAN_POINT ( 'NONE',  ( 12.87100973299326500, 25.88112354271329700, 2.483641761131961900 ) ) ;
#956 = B_SPLINE_CURVE_WITH_KNOTS ( 'NONE', 3,
 ( #78, #723, #184, #930, #294, #1042, #406, #1145, #506, #1238, #612, #1340, #726, #84, #829, #186, #935, #299, #1046, #409, #1150, #510, #1241, #619, #1346, #730, #88, #835, #193, #938, #307, #1048, #414, #1155 ),
 .UNSPECIFIED., .F., .F.,
 ( 4, 2, 2, 2, 2, 2, 2, 2, 2, 2, 2, 2, 2, 2, 2, 2, 4 ),
 ( 0.0000000000000000000, 0.0004888140276038942800, 0.0009776280552077887800, 0.001466442082811683000, 0.001955256110415577100, 0.002444070138019471300, 0.002932884165623365900, 0.003421698193227260100, 0.003910512220831154200, 0.004399326248435048900, 0.004888140276038942600, 0.005376954303642837200, 0.005865768331246731800, 0.006354582358850625500, 0.006843396386454520100, 0.007332210414058413900, 0.007821024441662308500 ),
 .UNSPECIFIED. ) ;
#957 = CARTESIAN_POINT ( 'NONE',  ( 12.55198907554807000, 24.88260259736836800, 2.420149348270585100 ) ) ;
#958 = CARTESIAN_POINT ( 'NONE',  ( 13.19999999999999900, 31.60100000000033700, -3.310029053663490800E-013 ) ) ;
#959 = ORIENTED_EDGE ( 'NONE', *, *, #640, .F. ) ;
#960 = AXIS2_PLACEMENT_3D ( 'NONE', #159, #1014, #1296 ) ;
#961 = CARTESIAN_POINT ( 'NONE',  ( 12.87362550772655500, 2.484060984458448900, 24.87630362147112400 ) ) ;
#962 = EDGE_LOOP ( 'NONE', ( #641, #1262, #1287, #1115 ) ) ;
#963 = CARTESIAN_POINT ( 'NONE',  ( 14.31033958865935300, 2.245877276757010800, 25.90289585843741100 ) ) ;
#964 = VERTEX_POINT ( 'NONE', #1153 ) ;
#965 = ORIENTED_EDGE ( 'NONE', *, *, #862, .F. ) ;
#966 = CARTESIAN_POINT ( 'NONE',  ( 12.55083484000673100, 2.419847904056439800, 24.88263203448059400 ) ) ;
#967 = CARTESIAN_POINT ( 'NONE',  ( 94.00000000000000000, 0.0000000000000000000, 23.10000000000000100 ) ) ;
#968 = CIRCLE ( 'NONE', #777, 23.39289321881345200 ) ;
#969 = CARTESIAN_POINT ( 'NONE',  ( 15.69999999999999900, 1.796512382505071200E-023, 26.00000000000000000 ) ) ;
#970 = CIRCLE ( 'NONE', #816, 25.00000000000000000 ) ;
#971 = LOCAL_TIME ( 8, 38, 1.000000000000000000, #1236 ) ;
#972 = CARTESIAN_POINT ( 'NONE',  ( 15.69999999999999900, 0.0000000000000000000, -26.00000000000000000 ) ) ;
#973 = CARTESIAN_POINT ( 'NONE',  ( 14.00430886112566700, 2.372751998218116700, -25.89158175316902100 ) ) ;
#974 = EDGE_CURVE ( 'NONE', #5, #77, #1259, .T. ) ;
#975 = DIRECTION ( 'NONE',  ( -1.000000000000000000, -0.0000000000000000000, -0.0000000000000000000 ) ) ;
#976 = CARTESIAN_POINT ( 'NONE',  ( 12.09236434652158300, -2.247143564441083100, 25.90278485634381400 ) ) ;
#977 = DIRECTION ( 'NONE',  ( 0.0000000000000000000, 0.0000000000000000000, 1.000000000000000000 ) ) ;
#978 = CARTESIAN_POINT ( 'NONE',  ( 11.31587208769516900, 1.651246726446552200, -25.94776948092259500 ) ) ;
#979 = CARTESIAN_POINT ( 'NONE',  ( 15.36903412145745700, -24.96891223511865800, -1.253718551896444400 ) ) ;
#980 = CARTESIAN_POINT ( 'NONE',  ( 13.03682490697946000, -24.87468592766549600, -2.499999999999912100 ) ) ;
#981 = EDGE_LOOP ( 'NONE', ( #284, #346, #801, #693 ) ) ;
#982 = CARTESIAN_POINT ( 'NONE',  ( 10.77985090779070600, -0.6480119923854194000, -24.99212088949391100 ) ) ;
#983 = CARTESIAN_POINT ( 'NONE',  ( 15.69999999999999900, 1.796512382505071200E-023, 26.00000000000000000 ) ) ;
#984 = LINE ( 'NONE', #946, #127 ) ;
#985 = DIRECTION ( 'NONE',  ( 1.000000000000000000, 0.0000000000000000000, 0.0000000000000000000 ) ) ;
#986 = CARTESIAN_POINT ( 'NONE',  ( 13.36705593905299900, 2.499871753193716000, 25.87954097803886100 ) ) ;
#987 = AXIS2_PLACEMENT_3D ( 'NONE', #238, #811, #659 ) ;
#988 = DIRECTION ( 'NONE',  ( -1.000000000000000000, -0.0000000000000000000, -0.0000000000000000000 ) ) ;
#989 = CARTESIAN_POINT ( 'NONE',  ( 15.37073664361157400, -25.97025120901535900, 1.250824793017967000 ) ) ;
#990 = CARTESIAN_POINT ( 'NONE',  ( 10.71593710355445600, 25.99845277916615800, -0.3263589687210577400 ) ) ;
#991 = ORIENTED_EDGE ( 'NONE', *, *, #622, .F. ) ;
#992 = DIRECTION ( 'NONE',  ( 0.0000000000000000000, -1.000000000000000000, 0.0000000000000000000 ) ) ;
#993 = VERTEX_POINT ( 'NONE', #503 ) ;
#994 = CARTESIAN_POINT ( 'NONE',  ( 0.0000000000000000000, 0.0000000000000000000, 0.0000000000000000000 ) ) ;
#995 = CARTESIAN_POINT ( 'NONE',  ( 15.08417100044904300, -25.94777248346838000, 1.651201684093827500 ) ) ;
#996 = CARTESIAN_POINT ( 'NONE',  ( 11.03045276325952700, 25.97014899536914400, -1.253031349107596200 ) ) ;
#997 = DIRECTION ( 'NONE',  ( -0.7071067811865501300, 0.0000000000000000000, 0.7071067811865449100 ) ) ;
#998 = FACE_BOUND ( 'NONE', #931, .T. ) ;
#999 = CARTESIAN_POINT ( 'NONE',  ( 14.30905784917597100, -24.89893836570526600, 2.246517892703383100 ) ) ;
#1000 = VECTOR ( 'NONE', #1208, 1000.000000000000000 ) ;
#1001 = APPROVAL_DATE_TIME ( #1267, #185 ) ;
#1002 = CARTESIAN_POINT ( 'NONE',  ( 12.86949346441525100, 24.87468592766546700, -2.500000000000258900 ) ) ;
#1003 = CARTESIAN_POINT ( 'NONE',  ( 15.61984786456338300, -24.99209160465161300, 0.6491653467425899700 ) ) ;
#1004 = AXIS2_PLACEMENT_3D ( 'NONE', #606, #310, #1054 ) ;
#1005 = EDGE_CURVE ( 'NONE', #570, #432, #1178, .T. ) ;
#1006 = CARTESIAN_POINT ( 'NONE',  ( 15.69999999999999900, 3.061616997868381700E-016, 31.60100000000000300 ) ) ;
#1007 = CARTESIAN_POINT ( 'NONE',  ( 11.31814545424172500, -24.94550356982280800, -1.653836976964615700 ) ) ;
#1008 = CARTESIAN_POINT ( 'NONE',  ( 3.200000000000000600, 0.0000000000000000000, 26.00000000000000000 ) ) ;
#1009 = CARTESIAN_POINT ( 'NONE',  ( 13.19999999999999900, 25.87952858921509100, 2.499999999999727800 ) ) ;
#1010 = VERTEX_POINT ( 'NONE', #776 ) ;
#1011 = DIRECTION ( 'NONE',  ( 0.0000000000000000000, 0.0000000000000000000, 1.000000000000000000 ) ) ;
#1012 = DIRECTION ( 'NONE',  ( -1.000000000000000000, -0.0000000000000000000, -0.0000000000000000000 ) ) ;
#1013 = ORIENTED_EDGE ( 'NONE', *, *, #151, .T. ) ;
#1014 = DIRECTION ( 'NONE',  ( 0.0000000000000000000, 1.000000000000000000, -1.224646799147353200E-016 ) ) ;
#1015 = CARTESIAN_POINT ( 'NONE',  ( 15.68354713466745300, 25.99840377290828300, 0.3294555028608756000 ) ) ;
#1016 = CARTESIAN_POINT ( 'NONE',  ( 15.36827641493956900, -1.255214705003175700, -24.96884293994577700 ) ) ;
#1017 = AXIS2_PLACEMENT_3D ( 'NONE', #1071, #435, #1169 ) ;
#1018 = ORIENTED_EDGE ( 'NONE', *, *, #364, .F. ) ;
#1019 = CARTESIAN_POINT ( 'NONE',  ( 13.53048990736778600, 25.87952858921504200, -2.500000000000269600 ) ) ;
#1020 = CARTESIAN_POINT ( 'NONE',  ( 10.95267414169189400, -25.97684696628894600, -1.107418333847433300 ) ) ;
#1021 = CARTESIAN_POINT ( 'NONE',  ( 11.31584203789863700, -24.94567808718944900, 1.651215047473771900 ) ) ;
#1022 = DIRECTION ( 'NONE',  ( -1.000000000000000000, -0.0000000000000000000, -0.0000000000000000000 ) ) ;
#1023 = CARTESIAN_POINT ( 'NONE',  ( 14.00580637260234500, 25.89163425341161700, 2.372168810503354900 ) ) ;
#1024 = VECTOR ( 'NONE', #288, 1000.000000000000000 ) ;
#1025 = CARTESIAN_POINT ( 'NONE',  ( 95.00000000000000000, 3.184081677783118200E-015, -26.00000000000000000 ) ) ;
#1026 = CARTESIAN_POINT ( 'NONE',  ( 15.44692376408953800, 1.108237982093037500, 24.97588368351297900 ) ) ;
#1027 = ADVANCED_FACE ( 'NONE', ( #867, #1234 ), #1290, .F. ) ;
#1028 = VERTEX_POINT ( 'NONE', #878 ) ;
#1029 = CARTESIAN_POINT ( 'NONE',  ( 15.18749815834397900, -1.525407911884362600, 24.95379469572360900 ) ) ;
#1030 = CARTESIAN_POINT ( 'NONE',  ( 87.70000000000000300, 0.0000000000000000000, 0.0000000000000000000 ) ) ;
#1031 = CARTESIAN_POINT ( 'NONE',  ( 14.30823541566053900, 24.89890150621401000, 2.246924978752863600 ) ) ;
#1032 = CARTESIAN_POINT ( 'NONE',  ( 12.39564339083697900, -2.372734907014164600, 24.88722742718432800 ) ) ;
#1033 = CIRCLE ( 'NONE', #349, 24.99999999999998900 ) ;
#1034 = CARTESIAN_POINT ( 'NONE',  ( 14.45371533481192100, 2.169035936979791100, 24.90589343070810500 ) ) ;
#1035 = ADVANCED_FACE ( 'NONE', ( #1116 ), #833, .F. ) ;
#1036 = CARTESIAN_POINT ( 'NONE',  ( 13.19999999999999900, 24.87468592766552100, 2.499999999999738000 ) ) ;
#1037 = FACE_OUTER_BOUND ( 'NONE', #451, .T. ) ;
#1038 = APPROVAL_PERSON_ORGANIZATION ( #1299, #185, #205 ) ;
#1039 = DIRECTION ( 'NONE',  ( 0.0000000000000000000, 0.0000000000000000000, 1.000000000000000000 ) ) ;
#1040 = CARTESIAN_POINT ( 'NONE',  ( 15.68377030559968000, -0.3277857560099368100, -25.99842521240730200 ) ) ;
#1041 = CARTESIAN_POINT ( 'NONE',  ( 15.36901763279206500, -25.97010681692275800, -1.253810360859778800 ) ) ;
#1042 = CARTESIAN_POINT ( 'NONE',  ( 15.44651678820870100, 1.109060198064593800, -24.97584694923137500 ) ) ;
#1043 = CARTESIAN_POINT ( 'NONE',  ( 10.70000000000000100, -0.1632095073417128800, -26.00000000000000400 ) ) ;
#1044 = EDGE_CURVE ( 'NONE', #1201, #707, #52, .T. ) ;
#1045 = CARTESIAN_POINT ( 'NONE',  ( 13.36323589638543500, -2.500125740978186500, -24.87467329022544500 ) ) ;
#1046 = CARTESIAN_POINT ( 'NONE',  ( 12.87198227724997900, 2.483775543901344900, -24.87633190989610900 ) ) ;
#1047 = CARTESIAN_POINT ( 'NONE',  ( 14.45302895580975800, -2.169548568920207600, -25.90948595519482500 ) ) ;
#1048 = CARTESIAN_POINT ( 'NONE',  ( 10.71635884985690300, 0.3289998300458063500, -24.99834914448731400 ) ) ;
#1049 = CARTESIAN_POINT ( 'NONE',  ( 11.54925840975052500, -1.884754430507810800, -25.93186038682675600 ) ) ;
#1050 = CARTESIAN_POINT ( 'NONE',  ( 15.70012670477567300, 26.00001218314789500, -0.1631961721400017300 ) ) ;
#1051 = EDGE_LOOP ( 'NONE', ( #918, #314, #231, #18 ) ) ;
#1052 = B_SPLINE_CURVE_WITH_KNOTS ( 'NONE', 3,
 ( #555, #980, #685, #706, #68, #371, #479, #565, #1113, #1007, #138, #259, #568, #128, #265, #904, #55, #780, #692, #1214, #477, #894, #44, #889, #1021, #910, #158, #1308, #463, #592, #1124, #489 ),
 .UNSPECIFIED., .F., .F.,
 ( 4, 2, 2, 2, 2, 2, 2, 2, 2, 2, 2, 2, 2, 2, 2, 4 ),
 ( 0.007821022872428981900, 0.008309722127160756200, 0.008798421381892532200, 0.009287120636624306500, 0.009775819891356082500, 0.01026451914608785700, 0.01075321840081963300, 0.01124191765555140700, 0.01173061691028318100, 0.01221931616501495700, 0.01270801541974673300, 0.01319671467447850800, 0.01368541392921028200, 0.01417411318394205800, 0.01466281243867383200, 0.01564021094813738300 ),
 .UNSPECIFIED. ) ;
#1053 = FACE_OUTER_BOUND ( 'NONE', #1162, .T. ) ;
#1054 = DIRECTION ( 'NONE',  ( 1.000000000000000000, 0.0000000000000000000, 0.0000000000000000000 ) ) ;
#1055 = DIRECTION ( 'NONE',  ( -1.000000000000000000, -0.0000000000000000000, -0.0000000000000000000 ) ) ;
#1056 = CARTESIAN_POINT ( 'NONE',  ( 14.45522248033864300, 25.90959313724413300, -2.168270830677639700 ) ) ;
#1057 = CARTESIAN_POINT ( 'NONE',  ( 10.71645556244725300, 24.99833966437481400, 0.3294764385562761200 ) ) ;
#1058 = CARTESIAN_POINT ( 'NONE',  ( 15.69999999999999900, -0.3305063766663727300, -24.99999999999998600 ) ) ;
#1059 = SECURITY_CLASSIFICATION_LEVEL ( 'unclassified' ) ;
#1060 = DIRECTION ( 'NONE',  ( -1.000000000000000000, -0.0000000000000000000, -0.0000000000000000000 ) ) ;
#1061 = ORIENTED_EDGE ( 'NONE', *, *, #217, .T. ) ;
#1062 = CARTESIAN_POINT ( 'NONE',  ( 15.18744428278169800, -25.95557253015576300, -1.525366557651139700 ) ) ;
#1063 = CARTESIAN_POINT ( 'NONE',  ( 13.19999999999999900, 25.87952858921509100, 2.499999999999727800 ) ) ;
#1064 = AXIS2_PLACEMENT_3D ( 'NONE', #254, #143, #892 ) ;
#1065 = B_SPLINE_CURVE_WITH_KNOTS ( 'NONE', 3,
 ( #492, #595, #67, #810, #168, #920, #281, #1029, #388, #1132, #496, #1225, #600, #1326, #708, #70, #817, #173, #923, #287, #1032, #395, #1139, #498, #1231, #603, #1332, #714, #76, #824, #180, #927 ),
 .UNSPECIFIED., .F., .F.,
 ( 4, 2, 2, 2, 2, 2, 2, 2, 2, 2, 2, 2, 2, 2, 2, 4 ),
 ( 0.007821024441662312000, 0.008309723826317916600, 0.008798423210973523000, 0.009287122595629127700, 0.009775821980284734100, 0.01026452136494034100, 0.01075322074959594500, 0.01124192013425155200, 0.01173061951890715800, 0.01221931890356276300, 0.01270801828821836900, 0.01319671767287397500, 0.01368541705752958000, 0.01417411644218518500, 0.01466281582684079100, 0.01564021459615200600 ),
 .UNSPECIFIED. ) ;
#1066 = DIRECTION ( 'NONE',  ( 0.0000000000000000000, -1.000000000000000000, 0.0000000000000000000 ) ) ;
#1067 = VECTOR ( 'NONE', #339, 1000.000000000000000 ) ;
#1068 = CARTESIAN_POINT ( 'NONE',  ( 12.09234004476097400, 2.247131495942874300, 24.89888190765473300 ) ) ;
#1069 = ORIENTED_EDGE ( 'NONE', *, *, #375, .T. ) ;
#1070 = VECTOR ( 'NONE', #1288, 1000.000000000000000 ) ;
#1071 = CARTESIAN_POINT ( 'NONE',  ( 0.0000000000000000000, 0.0000000000000000000, 0.0000000000000000000 ) ) ;
#1072 = CARTESIAN_POINT ( 'NONE',  ( 14.72536365849734200, 1.987446472044314100, 25.92408825136156000 ) ) ;
#1073 = COORDINATED_UNIVERSAL_TIME_OFFSET ( 8, 0, .AHEAD. ) ;
#1074 = CARTESIAN_POINT ( 'NONE',  ( 95.00000000000000000, 0.0000000000000000000, 0.0000000000000000000 ) ) ;
#1075 = CARTESIAN_POINT ( 'NONE',  ( 15.69999999999999900, 0.0000000000000000000, -26.00000000000000000 ) ) ;
#1076 = ORIENTED_EDGE ( 'NONE', *, *, #608, .T. ) ;
#1077 = ORIENTED_EDGE ( 'NONE', *, *, #34, .T. ) ;
#1078 = CC_DESIGN_PERSON_AND_ORGANIZATION_ASSIGNMENT ( #852, #1159, ( #1167 ) ) ;
#1079 = CARTESIAN_POINT ( 'NONE',  ( 13.52595665371822000, 2.484007728349852500, -25.88108801251108600 ) ) ;
#1080 = EDGE_CURVE ( 'NONE', #859, #570, #1, .T. ) ;
#1081 = DIRECTION ( 'NONE',  ( 0.0000000000000000000, 0.0000000000000000000, -1.000000000000000000 ) ) ;
#1082 = CARTESIAN_POINT ( 'NONE',  ( 12.39319211454286000, -2.371828825195804000, 25.89166556128078200 ) ) ;
#1083 = CARTESIAN_POINT ( 'NONE',  ( 11.94740122424649100, 25.90946932822458500, -2.169719746887347700 ) ) ;
#1084 = CARTESIAN_POINT ( 'NONE',  ( 0.0000000000000000000, 0.0000000000000000000, 0.0000000000000000000 ) ) ;
#1085 = LINE ( 'NONE', #41, #831 ) ;
#1086 = CARTESIAN_POINT ( 'NONE',  ( 11.02985848216593800, 1.252002523968977600, -25.97019886417577800 ) ) ;
#1087 = ORIENTED_EDGE ( 'NONE', *, *, #293, .T. ) ;
#1088 = CARTESIAN_POINT ( 'NONE',  ( 14.72449108282481600, -1.988076425614545300, 25.92403889546550700 ) ) ;
#1089 = CARTESIAN_POINT ( 'NONE',  ( 10.82784030591392700, -0.8058335233485435200, -24.98746277938382900 ) ) ;
#1090 = AXIS2_PLACEMENT_3D ( 'NONE', #1074, #442, #1174 ) ;
#1091 = CARTESIAN_POINT ( 'NONE',  ( 0.0000000000000000000, 0.0000000000000000000, 23.10000000000000100 ) ) ;
#1092 = CARTESIAN_POINT ( 'NONE',  ( 13.19999999999999900, -25.87952858921505900, 2.500000000000088800 ) ) ;
#1093 = DIRECTION ( 'NONE',  ( -1.000000000000000000, -0.0000000000000000000, -0.0000000000000000000 ) ) ;
#1094 = ORIENTED_EDGE ( 'NONE', *, *, #794, .T. ) ;
#1095 = CARTESIAN_POINT ( 'NONE',  ( 87.70000000000000300, 3.061616997868383000E-015, -25.00000000000000000 ) ) ;
#1096 = CARTESIAN_POINT ( 'NONE',  ( 11.02988709719075700, -1.252049606094334200, -24.96900299967626300 ) ) ;
#1097 = EDGE_LOOP ( 'NONE', ( #796, #1337, #607, #297 ) ) ;
#1098 = FACE_OUTER_BOUND ( 'NONE', #1097, .T. ) ;
#1099 = CARTESIAN_POINT ( 'NONE',  ( 0.0000000000000000000, 3.061616997868382300E-015, -24.99999999999999300 ) ) ;
#1100 = PLANE ( 'NONE',  #704 ) ;
#1101 = LOCAL_TIME ( 8, 38, 1.000000000000000000, #4 ) ;
#1102 = AXIS2_PLACEMENT_3D ( 'NONE', #908, #156, #586 ) ;
#1103 = CARTESIAN_POINT ( 'NONE',  ( 0.0000000000000000000, 0.0000000000000000000, 0.0000000000000000000 ) ) ;
#1104 = CARTESIAN_POINT ( 'NONE',  ( 14.72432009850359300, -24.92097819325634200, 1.988249198090800400 ) ) ;
#1105 = CARTESIAN_POINT ( 'NONE',  ( 11.21192607655879300, 25.95562178908407000, 1.524494399412645600 ) ) ;
#1106 = ORIENTED_EDGE ( 'NONE', *, *, #680, .F. ) ;
#1107 = CARTESIAN_POINT ( 'NONE',  ( 13.19999999999999900, -31.60100000000012300, -2.499999999999888500 ) ) ;
#1108 = CARTESIAN_POINT ( 'NONE',  ( 2.000000000000000400, 0.0000000000000000000, 24.99999999999998900 ) ) ;
#1109 = CARTESIAN_POINT ( 'NONE',  ( 15.69994064347365100, -24.99999406434775300, 0.1640793693264071500 ) ) ;
#1110 = ORIENTED_EDGE ( 'NONE', *, *, #577, .T. ) ;
#1111 = EDGE_CURVE ( 'NONE', #343, #575, #583, .T. ) ;
#1112 = VECTOR ( 'NONE', #673, 1000.000000000000000 ) ;
#1113 = CARTESIAN_POINT ( 'NONE',  ( 11.54875244859888300, -24.92916746096147000, -1.884127066245353800 ) ) ;
#1114 = CARTESIAN_POINT ( 'NONE',  ( 13.19999999999999900, 0.0000000000000000000, 31.60100000000000300 ) ) ;
#1115 = ORIENTED_EDGE ( 'NONE', *, *, #933, .T. ) ;
#1116 = FACE_OUTER_BOUND ( 'NONE', #227, .T. ) ;
#1117 = DIRECTION ( 'NONE',  ( -1.000000000000000000, -0.0000000000000000000, -0.0000000000000000000 ) ) ;
#1118 = PLANE ( 'NONE',  #244 ) ;
#1119 = CARTESIAN_POINT ( 'NONE',  ( 11.21320799583573300, -25.95552053219191900, 1.526329029561829000 ) ) ;
#1120 = CARTESIAN_POINT ( 'NONE',  ( 0.0000000000000000000, 3.184081677783118200E-015, -26.00000000000000000 ) ) ;
#1121 = ORIENTED_EDGE ( 'NONE', *, *, #899, .T. ) ;
#1122 = CARTESIAN_POINT ( 'NONE',  ( 10.70000000000000100, 3.061616978461374900E-015, -24.99999999999999300 ) ) ;
#1123 = CARTESIAN_POINT ( 'NONE',  ( 11.21192607655879100, -25.95562178908404500, -1.524494399412826800 ) ) ;
#1124 = CARTESIAN_POINT ( 'NONE',  ( 12.86949346441525100, -24.87468592766548500, 2.500000000000085300 ) ) ;
#1125 = CARTESIAN_POINT ( 'NONE',  ( 15.18744428278169800, 25.95557253015577000, 1.525366557650958100 ) ) ;
#1126 = CARTESIAN_POINT ( 'NONE',  ( 14.30667479873328300, -25.90274366765926900, -2.247616440921580000 ) ) ;
#1127 = EDGE_LOOP ( 'NONE', ( #275, #594, #880, #74 ) ) ;
#1128 = CARTESIAN_POINT ( 'NONE',  ( 0.0000000000000000000, 0.0000000000000000000, 24.99999999999999300 ) ) ;
#1129 = ADVANCED_FACE ( 'NONE', ( #303, #554 ), #1314, .F. ) ;
#1130 = AXIS2_PLACEMENT_3D ( 'NONE', #243, #992, #357 ) ;
#1131 = VECTOR ( 'NONE', #327, 1000.000000000000000 ) ;
#1132 = CARTESIAN_POINT ( 'NONE',  ( 14.85383336149337600, -1.881857718844712800, 24.92933960374833500 ) ) ;
#1133 = DIRECTION ( 'NONE',  ( -1.000000000000000000, -0.0000000000000000000, -0.0000000000000000000 ) ) ;
#1134 = ORGANIZATION ( '未指定', '未指定', '' ) ;
#1135 = VERTEX_POINT ( 'NONE', #1122 ) ;
#1136 = CARTESIAN_POINT ( 'NONE',  ( 15.68406101032949000, 24.99839071201793300, -0.3263743740005574100 ) ) ;
#1137 = CARTESIAN_POINT ( 'NONE',  ( 0.0000000000000000000, 0.0000000000000000000, 24.99999999999999300 ) ) ;
#1138 = ADVANCED_FACE ( 'NONE', ( #891 ), #518, .T. ) ;
#1139 = CARTESIAN_POINT ( 'NONE',  ( 11.94915976075945000, -2.170728182476712000, 24.90574631553725000 ) ) ;
#1140 = CARTESIAN_POINT ( 'NONE',  ( 15.62019687464501200, -0.6474608256723135600, -25.99242873427179700 ) ) ;
#1141 = CARTESIAN_POINT ( 'NONE',  ( 12.87221427898016800, -25.88111096118856100, 2.483770293840405600 ) ) ;
#1142 = ORIENTED_EDGE ( 'NONE', *, *, #652, .F. ) ;
#1143 = CARTESIAN_POINT ( 'NONE',  ( 15.08423301929986900, 1.651337078997085800, 24.94567646296263400 ) ) ;
#1144 = PRODUCT_DEFINITION ( '未知', '', #116, #871 ) ;
#1145 = CARTESIAN_POINT ( 'NONE',  ( 15.18824666821940500, 1.524323445682839200, -24.95385641887458300 ) ) ;
#1146 = FACE_OUTER_BOUND ( 'NONE', #31, .T. ) ;
#1147 = EDGE_CURVE ( 'NONE', #668, #432, #847, .T. ) ;
#1148 = ORIENTED_EDGE ( 'NONE', *, *, #402, .F. ) ;
#1149 = CYLINDRICAL_SURFACE ( 'NONE', #1230, 2.499999999999998700 ) ;
#1150 = CARTESIAN_POINT ( 'NONE',  ( 12.39536086700186200, 2.372637051600633200, -24.88723676875457600 ) ) ;
#1151 = CARTESIAN_POINT ( 'NONE',  ( 14.00680788545713700, -2.371828825195804400, -25.89166556128078200 ) ) ;
#1152 = CARTESIAN_POINT ( 'NONE',  ( 11.03099759943708200, 24.96890841992681600, 1.253834772692423000 ) ) ;
#1153 = CARTESIAN_POINT ( 'NONE',  ( 15.69999999999999900, -1.940518940753166900E-023, 24.99999999999999300 ) ) ;
#1154 = CARTESIAN_POINT ( 'NONE',  ( 12.87457919480978900, 24.87629177672598100, 2.484178400536665600 ) ) ;
#1155 = CARTESIAN_POINT ( 'NONE',  ( 10.70000000000000100, 3.061616978461374900E-015, -24.99999999999999300 ) ) ;
#1156 = CARTESIAN_POINT ( 'NONE',  ( 11.21240248221644200, -1.525112619528434600, -25.95558520300782500 ) ) ;
#1157 = CARTESIAN_POINT ( 'NONE',  ( 15.57275159021213900, 25.98799828043231500, -0.8043101778886989600 ) ) ;
#1158 = AXIS2_PLACEMENT_3D ( 'NONE', #112, #858, #218 ) ;
#1159 = PERSON_AND_ORGANIZATION_ROLE ( 'design_owner' ) ;
#1160 = CARTESIAN_POINT ( 'NONE',  ( 13.85883097392265000, 25.88617002725199300, -2.433503212818466800 ) ) ;
#1161 = CARTESIAN_POINT ( 'NONE',  ( 10.69987431932409400, 25.00001256806393000, -0.1632370391824141400 ) ) ;
#1162 = EDGE_LOOP ( 'NONE', ( #900, #321, #240, #264, #1309, #688, #1018, #253 ) ) ;
#1163 = DATE_TIME_ROLE ( 'classification_date' ) ;
#1164 = LINE ( 'NONE', #216, #1131 ) ;
#1165 = CARTESIAN_POINT ( 'NONE',  ( 15.69987180591125200, -25.99998767364894200, -0.1670553337775189400 ) ) ;
#1166 = DIRECTION ( 'NONE',  ( 0.0000000000000000000, 2.775557561562892900E-015, 1.000000000000000000 ) ) ;
#1167 = PRODUCT ( '外筒', '外筒', '', ( #418 ) ) ;
#1168 = AXIS2_PLACEMENT_3D ( 'NONE', #1114, #694, #783 ) ;
#1169 = DIRECTION ( 'NONE',  ( 0.0000000000000000000, 0.0000000000000000000, 1.000000000000000000 ) ) ;
#1170 = ORIENTED_EDGE ( 'NONE', *, *, #23, .T. ) ;
#1171 = CARTESIAN_POINT ( 'NONE',  ( 15.08412791230483500, 1.651246726446552000, 25.94776948092260200 ) ) ;
#1172 = ORIENTED_EDGE ( 'NONE', *, *, #1182, .F. ) ;
#1173 = CARTESIAN_POINT ( 'NONE',  ( 11.21175333178059900, 1.524323445682840100, 24.95385641887458700 ) ) ;
#1174 = DIRECTION ( 'NONE',  ( 0.0000000000000000000, 0.0000000000000000000, 1.000000000000000000 ) ) ;
#1175 = CARTESIAN_POINT ( 'NONE',  ( 15.63350325370781800, 0.6588314393874269400, -25.99339240397652200 ) ) ;
#1176 = VECTOR ( 'NONE', #699, 1000.000000000000000 ) ;
#1177 = ORIENTED_EDGE ( 'NONE', *, *, #183, .F. ) ;
#1178 = LINE ( 'NONE', #189, #615 ) ;
#1179 = CARTESIAN_POINT ( 'NONE',  ( 94.00000000000000000, 0.0000000000000000000, 0.0000000000000000000 ) ) ;
#1180 = CARTESIAN_POINT ( 'NONE',  ( 13.03294406094700300, 2.499871753193716000, -25.87954097803886100 ) ) ;
#1181 = APPROVAL_DATE_TIME ( #83, #686 ) ;
#1182 = EDGE_CURVE ( 'NONE', #92, #455, #773, .T. ) ;
#1183 = CARTESIAN_POINT ( 'NONE',  ( 12.55085384912359800, -2.419852863528649100, 25.88716577957992700 ) ) ;
#1184 = DIRECTION ( 'NONE',  ( -1.000000000000000000, -0.0000000000000000000, -0.0000000000000000000 ) ) ;
#1185 = CARTESIAN_POINT ( 'NONE',  ( 10.82783151106606400, 0.8058074039450988700, -25.98794596805325700 ) ) ;
#1186 = CARTESIAN_POINT ( 'NONE',  ( 14.85074159024947700, -1.884754430507812100, 25.93186038682675600 ) ) ;
#1187 = CARTESIAN_POINT ( 'NONE',  ( 11.21320799583573300, 25.95552053219190800, -1.526329029562010000 ) ) ;
#1188 = CARTESIAN_POINT ( 'NONE',  ( 10.71582159942343400, -0.3254210271412192300, -24.99840249400844200 ) ) ;
#1189 = DIRECTION ( 'NONE',  ( -1.000000000000000000, -0.0000000000000000000, -0.0000000000000000000 ) ) ;
#1190 = CYLINDRICAL_SURFACE ( 'NONE', #941, 31.60000000000000100 ) ;
#1191 = CARTESIAN_POINT ( 'NONE',  ( 11.31587617213529000, -1.651251241585096800, -24.94567559498348400 ) ) ;
#1192 = AXIS2_PLACEMENT_3D ( 'NONE', #250, #360, #573 ) ;
#1193 = DIRECTION ( 'NONE',  ( 0.0000000000000000000, 0.0000000000000000000, 1.000000000000000000 ) ) ;
#1194 = EDGE_LOOP ( 'NONE', ( #1142, #682, #108, #104, #81, #1069, #1320, #553 ) ) ;
#1195 = ORIENTED_EDGE ( 'NONE', *, *, #402, .T. ) ;
#1196 = CARTESIAN_POINT ( 'NONE',  ( 15.08333571771442300, -24.94561569634479200, 1.652153805416313000 ) ) ;
#1197 = CARTESIAN_POINT ( 'NONE',  ( 10.95258417656713800, 24.97592811623458800, -1.107241086066566000 ) ) ;
#1198 = CARTESIAN_POINT ( 'NONE',  ( 11.67569702370999000, 25.92402547330792500, -1.988262535362317100 ) ) ;
#1199 = VECTOR ( 'NONE', #560, 1000.000000000000000 ) ;
#1200 = CARTESIAN_POINT ( 'NONE',  ( 10.70000000000000500, 0.3304897716066741400, 26.00000000000000700 ) ) ;
#1201 = VERTEX_POINT ( 'NONE', #735 ) ;
#1202 = CIRCLE ( 'NONE', #960, 1.000000000000000900 ) ;
#1203 = CARTESIAN_POINT ( 'NONE',  ( 90.01421356237310100, 0.0000000000000000000, 0.0000000000000000000 ) ) ;
#1204 = CARTESIAN_POINT ( 'NONE',  ( 15.68377543305166100, -24.99836254397854100, -0.3280185998176387600 ) ) ;
#1205 = APPROVAL_PERSON_ORGANIZATION ( #114, #686, #1256 ) ;
#1206 = APPROVAL ( #627, '未指定' ) ;
#1207 = EDGE_CURVE ( 'NONE', #1357, #911, #234, .T. ) ;
#1208 = DIRECTION ( 'NONE',  ( -0.0000000000000000000, -0.0000000000000000000, -1.000000000000000000 ) ) ;
#1209 = DIRECTION ( 'NONE',  ( 0.0000000000000000000, 0.0000000000000000000, 1.000000000000000000 ) ) ;
#1210 = CARTESIAN_POINT ( 'NONE',  ( 14.45262191388406100, 24.90583594271024400, -2.169706196071008500 ) ) ;
#1211 = DIRECTION ( 'NONE',  ( -0.0000000000000000000, -1.000000000000000000, 1.047444401652940000E-014 ) ) ;
#1212 = ORIENTED_EDGE ( 'NONE', *, *, #45, .T. ) ;
#1213 = CARTESIAN_POINT ( 'NONE',  ( 10.95285733770525000, -25.97683187395687600, 1.107637575566848400 ) ) ;
#1214 = CARTESIAN_POINT ( 'NONE',  ( 10.77931089864283900, -24.99217363662463100, 0.6456076396326749800 ) ) ;
#1215 = CARTESIAN_POINT ( 'NONE',  ( 15.57153093334044200, 25.98788646401377600, 0.8078737441571692800 ) ) ;
#1216 = AXIS2_PLACEMENT_3D ( 'NONE', #958, #324, #853 ) ;
#1217 = CARTESIAN_POINT ( 'NONE',  ( 11.54865041730395500, -25.93189926703656700, -1.884221732672569900 ) ) ;
#1218 = CARTESIAN_POINT ( 'NONE',  ( 13.19999999999999900, -24.87468592766550300, -2.499999999999912100 ) ) ;
#1219 = CARTESIAN_POINT ( 'NONE',  ( 14.30667479873328100, 25.90274366765928000, 2.247616440921397500 ) ) ;
#1220 = LINE ( 'NONE', #531, #630 ) ;
#1221 = CARTESIAN_POINT ( 'NONE',  ( 13.52780085147503900, 24.87633239769510900, -2.483768668929959800 ) ) ;
#1222 = ADVANCED_FACE ( 'NONE', ( #487 ), #739, .F. ) ;
#1223 = DIRECTION ( 'NONE',  ( -1.000000000000000000, -0.0000000000000000000, -0.0000000000000000000 ) ) ;
#1224 = CARTESIAN_POINT ( 'NONE',  ( 0.0000000000000000000, 0.0000000000000000000, 26.00000000000000000 ) ) ;
#1225 = CARTESIAN_POINT ( 'NONE',  ( 14.45383195424502700, -2.169003991399866700, 24.90589728951138300 ) ) ;
#1226 = CARTESIAN_POINT ( 'NONE',  ( 15.68354713466745000, -25.99840377290827600, -0.3294555028610564600 ) ) ;
#1227 = ADVANCED_FACE ( 'NONE', ( #1053, #460 ), #1255, .T. ) ;
#1228 = ORIENTED_EDGE ( 'NONE', *, *, #1207, .T. ) ;
#1229 = ORIENTED_EDGE ( 'NONE', *, *, #1080, .F. ) ;
#1230 = AXIS2_PLACEMENT_3D ( 'NONE', #720, #654, #648 ) ;
#1231 = CARTESIAN_POINT ( 'NONE',  ( 11.54878866440887800, -1.884161199660610000, 24.92916496727981400 ) ) ;
#1232 = CARTESIAN_POINT ( 'NONE',  ( 15.61984786456338600, 24.99209160465161300, -0.6491653467427642700 ) ) ;
#1233 = CYLINDRICAL_SURFACE ( 'NONE', #629, 31.60000000000000100 ) ;
#1234 = FACE_OUTER_BOUND ( 'NONE', #562, .T. ) ;
#1235 = CARTESIAN_POINT ( 'NONE',  ( 15.57153093334044100, -25.98788646401376600, -0.8078737441573503600 ) ) ;
#1236 = COORDINATED_UNIVERSAL_TIME_OFFSET ( 8, 0, .AHEAD. ) ;
#1237 = CARTESIAN_POINT ( 'NONE',  ( 11.54616663850662700, -1.881857718844711200, -24.92933960374833500 ) ) ;
#1238 = CARTESIAN_POINT ( 'NONE',  ( 14.85214997850825500, 1.883339088673200000, -24.92922739080161100 ) ) ;
#1239 = CARTESIAN_POINT ( 'NONE',  ( 13.19999999999999900, -24.87468592766548500, 2.500000000000085300 ) ) ;
#1240 = EDGE_CURVE ( 'NONE', #1010, #964, #1284, .T. ) ;
#1241 = CARTESIAN_POINT ( 'NONE',  ( 11.94628466518808100, 2.169035936979792900, -24.90589343070810500 ) ) ;
#1242 = CARTESIAN_POINT ( 'NONE',  ( 13.52635906965181300, -2.484062874401826300, -25.88108327749440500 ) ) ;
#1243 = CARTESIAN_POINT ( 'NONE',  ( 11.54875244859888300, 24.92916746096148000, 1.884127066245179700 ) ) ;
#1244 = ORIENTED_EDGE ( 'NONE', *, *, #53, .F. ) ;
#1245 = CARTESIAN_POINT ( 'NONE',  ( 15.68364115014309800, 0.3289998300458036300, 24.99834914448732400 ) ) ;
#1246 = CARTESIAN_POINT ( 'NONE',  ( 13.03293504821940000, -2.499872792855075200, -24.87469871246082000 ) ) ;
#1247 = DIRECTION ( 'NONE',  ( 0.0000000000000000000, 0.0000000000000000000, -1.000000000000000000 ) ) ;
#1248 = CARTESIAN_POINT ( 'NONE',  ( 10.95306972585816900, -1.108225949880024000, -25.97681258879717300 ) ) ;
#1249 = CARTESIAN_POINT ( 'NONE',  ( 14.85382172380179500, 25.93206360452295600, -1.881871692323742200 ) ) ;
#1250 = CARTESIAN_POINT ( 'NONE',  ( 13.84956727720092800, 24.88264971300135600, 2.419664531779944600 ) ) ;
#1251 = LINE ( 'NONE', #840, #697 ) ;
#1252 = ORIENTED_EDGE ( 'NONE', *, *, #1343, .T. ) ;
#1253 = APPLICATION_PROTOCOL_DEFINITION ( 'international standard', 'config_control_design', 1994, #520 ) ;
#1254 = DIRECTION ( 'NONE',  ( -1.000000000000000000, -0.0000000000000000000, -0.0000000000000000000 ) ) ;
#1255 = CYLINDRICAL_SURFACE ( 'NONE', #637, 26.00000000000000000 ) ;
#1256 = APPROVAL_ROLE ( '' ) ;
#1257 = AXIS2_PLACEMENT_3D ( 'NONE', #43, #471, #1300 ) ;
#1258 = ORIENTED_EDGE ( 'NONE', *, *, #305, .T. ) ;
#1259 = B_SPLINE_CURVE_WITH_KNOTS ( 'NONE', 3,
 ( #13, #412, #716, #396, #1318, #1126, #386, #206, #169, #493, #1062, #1041, #702, #1235, #319, #1226, #1165, #278, #391, #401, #380, #820, #989, #665, #995, #247, #781, #1285, #882, #561, #356, #1092 ),
 .UNSPECIFIED., .F., .F.,
 ( 4, 2, 2, 2, 2, 2, 2, 2, 2, 2, 2, 2, 2, 2, 2, 4 ),
 ( 0.007820653346586697200, 0.008309329840602983800, 0.008798006334619270400, 0.009286682828635557000, 0.009775359322651843600, 0.01026403581666813000, 0.01075271231068441700, 0.01124138880470070300, 0.01173006529871699000, 0.01221874179273327700, 0.01270741828674956300, 0.01319609478076585300, 0.01368477127478214200, 0.01417344776879843000, 0.01466212426281472000, 0.01563947725084729300 ),
 .UNSPECIFIED. ) ;
#1260 = DIRECTION ( 'NONE',  ( -1.000000000000000000, -0.0000000000000000000, -0.0000000000000000000 ) ) ;
#1261 = EDGE_LOOP ( 'NONE', ( #1148, #385 ) ) ;
#1262 = ORIENTED_EDGE ( 'NONE', *, *, #540, .T. ) ;
#1263 = DIRECTION ( 'NONE',  ( -1.000000000000000000, 0.0000000000000000000, 0.0000000000000000000 ) ) ;
#1264 = FACE_OUTER_BOUND ( 'NONE', #209, .T. ) ;
#1265 = CARTESIAN_POINT ( 'NONE',  ( 15.37014151783406400, 1.252002523968975200, 25.97019886417578500 ) ) ;
#1266 = VECTOR ( 'NONE', #743, 1000.000000000000000 ) ;
#1267 = DATE_AND_TIME ( #182, #474 ) ;
#1268 = CARTESIAN_POINT ( 'NONE',  ( 15.36826942448931100, 1.255224996860733600, -25.97004205725360400 ) ) ;
#1269 = CC_DESIGN_APPROVAL ( #1206, ( #1144 ) ) ;
#1270 = CARTESIAN_POINT ( 'NONE',  ( 11.54785002149174700, 1.883339088673201800, 24.92922739080160400 ) ) ;
#1271 = DIRECTION ( 'NONE',  ( 0.0000000000000000000, 0.0000000000000000000, 1.000000000000000000 ) ) ;
#1272 = CARTESIAN_POINT ( 'NONE',  ( 94.00000000000000000, 2.951398785945121600E-015, -24.10000000000000500 ) ) ;
#1273 = EDGE_CURVE ( 'NONE', #77, #5, #101, .T. ) ;
#1274 = CARTESIAN_POINT ( 'NONE',  ( 15.18806354196722100, -24.95384270672375800, -1.524507323864577000 ) ) ;
#1275 = VERTEX_POINT ( 'NONE', #1108 ) ;
#1276 = CARTESIAN_POINT ( 'NONE',  ( 10.82817141847914600, 25.98791478520806200, -0.8068087278864428700 ) ) ;
#1277 = CARTESIAN_POINT ( 'NONE',  ( 10.71582091367850400, 0.3254078217023967900, -25.99846399747557200 ) ) ;
#1278 = ORIENTED_EDGE ( 'NONE', *, *, #1322, .T. ) ;
#1279 = CARTESIAN_POINT ( 'NONE',  ( 10.82792564514766600, -0.8062976263385832600, 25.98793619215199200 ) ) ;
#1280 = ORIENTED_EDGE ( 'NONE', *, *, #476, .T. ) ;
#1281 = CARTESIAN_POINT ( 'NONE',  ( 10.70000000000000100, 3.061616978461374900E-015, -24.99999999999999300 ) ) ;
#1282 = AXIS2_PLACEMENT_3D ( 'NONE', #635, #753, #1263 ) ;
#1283 = DIRECTION ( 'NONE',  ( 1.000000000000000000, 0.0000000000000000000, 0.0000000000000000000 ) ) ;
#1284 = LINE ( 'NONE', #1137, #1024 ) ;
#1285 = CARTESIAN_POINT ( 'NONE',  ( 14.45522248033863900, -25.90959313724414800, 2.168270830677457600 ) ) ;
#1286 = CARTESIAN_POINT ( 'NONE',  ( 10.78010413369534600, 25.99240052137866300, 0.6487214799173688400 ) ) ;
#1287 = ORIENTED_EDGE ( 'NONE', *, *, #53, .T. ) ;
#1288 = DIRECTION ( 'NONE',  ( -1.000000000000000000, -0.0000000000000000000, -0.0000000000000000000 ) ) ;
#1289 = CARTESIAN_POINT ( 'NONE',  ( 10.70000000000000100, 0.0000000000000000000, 24.99999999999999300 ) ) ;
#1290 = PLANE ( 'NONE',  #1295 ) ;
#1291 = CARTESIAN_POINT ( 'NONE',  ( 12.87221427898017200, 25.88111096118854000, -2.483770293840586800 ) ) ;
#1292 = CARTESIAN_POINT ( 'NONE',  ( 87.70000000000000300, 0.0000000000000000000, 25.00000000000000000 ) ) ;
#1293 = CIRCLE ( 'NONE', #203, 25.00000000000000000 ) ;
#1294 = CARTESIAN_POINT ( 'NONE',  ( 13.19999999999999900, -24.87468592766548500, 2.500000000000085300 ) ) ;
#1295 = AXIS2_PLACEMENT_3D ( 'NONE', #347, #985, #851 ) ;
#1296 = DIRECTION ( 'NONE',  ( 0.0000000000000000000, 1.224646799147353500E-016, 1.000000000000000000 ) ) ;
#1297 = CARTESIAN_POINT ( 'NONE',  ( 11.31524845207741400, 25.94780785632686500, 1.650744857556399700 ) ) ;
#1298 = FACE_BOUND ( 'NONE', #746, .T. ) ;
#1299 = PERSON_AND_ORGANIZATION ( #855, #1134 ) ;
#1300 = DIRECTION ( 'NONE',  ( 0.0000000000000000000, -1.110223024625157200E-014, -1.000000000000000000 ) ) ;
#1301 = CARTESIAN_POINT ( 'NONE',  ( 15.57181892891837400, -24.98743026893650000, 0.8068368751348795600 ) ) ;
#1302 = CARTESIAN_POINT ( 'NONE',  ( 10.95392276946447800, 1.109791112012907100, 25.97673941376890700 ) ) ;
#1303 = DIRECTION ( 'NONE',  ( -1.000000000000000000, -0.0000000000000000000, -0.0000000000000000000 ) ) ;
#1304 = CARTESIAN_POINT ( 'NONE',  ( 15.61988992940037200, -24.99209588547490300, -0.6487444282950802800 ) ) ;
#1305 = CARTESIAN_POINT ( 'NONE',  ( 13.19999999999999900, -24.87468592766550300, -2.499999999999912100 ) ) ;
#1306 = EDGE_CURVE ( 'NONE', #483, #1275, #163, .T. ) ;
#1307 = ORIENTED_EDGE ( 'NONE', *, *, #862, .T. ) ;
#1308 = CARTESIAN_POINT ( 'NONE',  ( 11.94478823598155700, -24.90596296067522500, 2.168278058019198300 ) ) ;
#1309 = ORIENTED_EDGE ( 'NONE', *, *, #458, .T. ) ;
#1310 = ORIENTED_EDGE ( 'NONE', *, *, #453, .T. ) ;
#1311 = CARTESIAN_POINT ( 'NONE',  ( 10.78014716994658400, -25.99239631423299800, 0.6491463092743284800 ) ) ;
#1312 = CARTESIAN_POINT ( 'NONE',  ( 94.00000000000000000, 0.0000000000000000000, 0.0000000000000000000 ) ) ;
#1313 = CARTESIAN_POINT ( 'NONE',  ( 14.72539228291790400, 25.92408512381918900, 1.987511674303252200 ) ) ;
#1314 = CYLINDRICAL_SURFACE ( 'NONE', #289, 24.99999999999999300 ) ;
#1315 = CARTESIAN_POINT ( 'NONE',  ( 13.19999999999999900, 25.87952858921504200, -2.500000000000270000 ) ) ;
#1316 = CARTESIAN_POINT ( 'NONE',  ( 11.94558740580596600, -25.90955971180920900, -2.168631201360090400 ) ) ;
#1317 = CARTESIAN_POINT ( 'NONE',  ( 13.52900000626941200, -24.87634539269063400, -2.483641095214772900 ) ) ;
#1318 = CARTESIAN_POINT ( 'NONE',  ( 14.00580637260234500, -25.89163425341161700, -2.372168810503536600 ) ) ;
#1319 = CARTESIAN_POINT ( 'NONE',  ( 14.00435660916302200, -2.372734907014165900, -24.88722742718432800 ) ) ;
#1320 = ORIENTED_EDGE ( 'NONE', *, *, #45, .F. ) ;
#1321 = DIRECTION ( 'NONE',  ( 0.0000000000000000000, 0.0000000000000000000, 1.000000000000000000 ) ) ;
#1322 = EDGE_CURVE ( 'NONE', #964, #483, #1065, .T. ) ;
#1323 = CARTESIAN_POINT ( 'NONE',  ( 14.00542598023954900, -24.88726223370634500, -2.372371511172684000 ) ) ;
#1324 = AXIS2_PLACEMENT_3D ( 'NONE', #581, #263, #1011 ) ;
#1325 = ADVANCED_FACE ( 'NONE', ( #425 ), #952, .F. ) ;
#1326 = CARTESIAN_POINT ( 'NONE',  ( 14.00788342405805600, -2.371528299825740800, 24.88734287464370700 ) ) ;
#1327 = CARTESIAN_POINT ( 'NONE',  ( 15.69999999999999900, 0.0000000000000000000, -26.00000000000000000 ) ) ;
#1328 = FACE_OUTER_BOUND ( 'NONE', #771, .T. ) ;
#1329 = EDGE_LOOP ( 'NONE', ( #121, #747, #1335, #135 ) ) ;
#1330 = FACE_OUTER_BOUND ( 'NONE', #509, .T. ) ;
#1331 = PERSON_AND_ORGANIZATION ( #855, #1134 ) ;
#1332 = CARTESIAN_POINT ( 'NONE',  ( 11.21461966282905600, -1.528152964861303000, 24.95362559291379200 ) ) ;
#1333 = ADVANCED_FACE ( 'NONE', ( #202, #662 ), #98, .F. ) ;
#1334 = CARTESIAN_POINT ( 'NONE',  ( 3.200000000000000600, 3.184081677783118200E-015, -26.00000000000000000 ) ) ;
#1335 = ORIENTED_EDGE ( 'NONE', *, *, #758, .T. ) ;
#1336 = CARTESIAN_POINT ( 'NONE',  ( 14.85075206354793700, 1.884745564839660000, 24.92912799315484000 ) ) ;
#1337 = ORIENTED_EDGE ( 'NONE', *, *, #504, .T. ) ;
#1338 = CARTESIAN_POINT ( 'NONE',  ( 3.199999999999999700, 0.0000000000000000000, 0.0000000000000000000 ) ) ;
#1339 = CC_DESIGN_PERSON_AND_ORGANIZATION_ASSIGNMENT ( #1331, #740, ( #1144 ) ) ;
#1340 = CARTESIAN_POINT ( 'NONE',  ( 14.45304113529936400, 2.169541443998016300, -24.90585268157804000 ) ) ;
#1341 = CARTESIAN_POINT ( 'NONE',  ( 15.70000000000000300, -0.1652835404540988500, -26.00000000000000000 ) ) ;
#1342 = EDGE_LOOP ( 'NONE', ( #192, #778, #832, #1252 ) ) ;
#1343 = EDGE_CURVE ( 'NONE', #302, #1135, #956, .T. ) ;
#1344 = CARTESIAN_POINT ( 'NONE',  ( 13.52900000626941000, 24.87634539269066300, 2.483641095214599700 ) ) ;
#1345 = LINE ( 'NONE', #1292, #261 ) ;
#1346 = CARTESIAN_POINT ( 'NONE',  ( 11.54924793645206500, 1.884745564839659800, -24.92912799315484000 ) ) ;
#1347 = CARTESIAN_POINT ( 'NONE',  ( 13.03774214957016600, -2.500058952757789200, -25.87952289429353000 ) ) ;
#1348 = CARTESIAN_POINT ( 'NONE',  ( 11.67459564724958900, 24.92104001570993800, 1.987500815020785300 ) ) ;
#1349 = ORIENTED_EDGE ( 'NONE', *, *, #689, .T. ) ;
#1350 = CARTESIAN_POINT ( 'NONE',  ( 15.36903412145745700, 24.96891223511865800, 1.253718551896270400 ) ) ;
#1351 =( NAMED_UNIT ( * ) PLANE_ANGLE_UNIT ( ) SI_UNIT ( $, .RADIAN. ) );
#1352 = CARTESIAN_POINT ( 'NONE',  ( 10.78032877813310000, -0.6495400722759272500, -25.99237955368185700 ) ) ;
#1353 = AXIS2_PLACEMENT_3D ( 'NONE', #1179, #544, #1271 ) ;
#1354 = CARTESIAN_POINT ( 'NONE',  ( 13.03682490697946000, 24.87468592766551400, 2.499999999999738000 ) ) ;
#1355 = APPROVAL_ROLE ( '' ) ;
#1356 = DIRECTION ( 'NONE',  ( -1.000000000000000000, -0.0000000000000000000, -0.0000000000000000000 ) ) ;
#1357 = VERTEX_POINT ( 'NONE', #1334 ) ;
#1358 = ORIENTED_EDGE ( 'NONE', *, *, #860, .T. ) ;
#1359 = CARTESIAN_POINT ( 'NONE',  ( 0.0000000000000000000, 0.0000000000000000000, 0.0000000000000000000 ) ) ;
#1360 = CARTESIAN_POINT ( 'NONE',  ( 90.01421356237310100, 0.0000000000000000000, 23.10000000000000100 ) ) ;
#1361 = ADVANCED_BREP_SHAPE_REPRESENTATION ( '外筒', ( #645, #1004 ), #439 ) ;
#1362 = VECTOR ( 'NONE', #14, 1000.000000000000000 ) ;
#1363 = CARTESIAN_POINT ( 'NONE',  ( 13.19999999999999900, 25.87952858921504200, -2.500000000000270000 ) ) ;
ENDSEC;
END-ISO-10303-21;
